<?xml version="1.0" encoding="UTF-8"?>
<LightningComponentBundle xmlns="http://soap.sforce.com/2006/04/metadata" fqn='cquiCCCInspectionDetailGrid'>
    <apiVersion>53.0</apiVersion>
    <isExposed>true</isExposed>
    <masterLabel>CQUI CCC Inspection Detail Grid</masterLabel>
    <targets>
        <target>lightning__RecordPage</target>
    </targets>
    <targetConfigs>
        <targetConfig targets="lightning__RecordPage">
            <objects>
                <object>compliancequest__SQX_Inspection__c</object>
            </objects>
            <supportedFormFactors>
                <supportedFormFactor type="Large" />
                <supportedFormFactor type="Small" />
            </supportedFormFactors>
            <property name="maxRows" type="Integer" label="Number of Records to Display" default="8"/>
            <property name="maxColumns" type="Integer" label="Number of Fields to Display" default="6"/>
            <property name="gridType" type="String" label="Grid Type" datasource="Standard, Tile" default="Standard"/>
        </targetConfig>
    </targetConfigs>
</LightningComponentBundle>