<?xml version="1.0" encoding="UTF-8"?>
<CustomField xmlns="http://soap.sforce.com/2006/04/metadata">
    <fullName>CQ_CCC_SQX_Inspection__c</fullName>
    <deleteConstraint>SetNull</deleteConstraint>
    <description>This look-up field related to Failed Inspection.</description>
    <externalId>false</externalId>
    <label>QMS Reference Number</label>
    <referenceTo>compliancequest__SQX_Inspection__c</referenceTo>
    <relationshipLabel>Related NC</relationshipLabel>
    <relationshipName>CQ_CCC_SQX_Inspection</relationshipName>
    <required>false</required>
    <trackFeedHistory>false</trackFeedHistory>
    <trackHistory>false</trackHistory>
    <trackTrending>false</trackTrending>
    <type>Lookup</type>
</CustomField>
