<?xml version="1.0" encoding="UTF-8"?>
<CustomField xmlns="http://soap.sforce.com/2006/04/metadata">
    <fullName>CQ_CCC_Critical_Characteristic__c</fullName>
    <description>Records the impact of the part, part family or process that is to be inspected.</description>
    <externalId>false</externalId>
    <label>Critical Characteristic</label>
    <required>false</required>
    <trackTrending>false</trackTrending>
    <type>Picklist</type>
    <valueSet>
        <restricted>true</restricted>
        <valueSetDefinition>
            <sorted>false</sorted>
            <value>
                <fullName>Yes</fullName>
                <default>false</default>
                <label>Yes</label>
            </value>
            <value>
                <fullName>No</fullName>
                <default>false</default>
                <label>No</label>
            </value>
            <value>
                <fullName>Low</fullName>
                <default>false</default>
                <label>Low</label>
            </value>
            <value>
                <fullName>Medium</fullName>
                <default>false</default>
                <label>Medium</label>
            </value>
            <value>
                <fullName>High</fullName>
                <default>false</default>
                <label>High</label>
            </value>
        </valueSetDefinition>
    </valueSet>
</CustomField>
