<?xml version="1.0" encoding="UTF-8"?>
<CustomField xmlns="http://soap.sforce.com/2006/04/metadata">
    <fullName>CQ_CCC_Total_Sample_Count__c</fullName>
    <description>Roll-up Summary field to count total Sample associated with Inspection Detail.</description>
    <externalId>false</externalId>
    <label>Total Sample Count</label>
    <summaryForeignKey>CQ_CCC_SQX_Checkpoint_Sample__c.CQ_CCC_SQX_Inspection_Target_Checkpoint__c</summaryForeignKey>
    <summaryOperation>count</summaryOperation>
    <trackTrending>false</trackTrending>
    <type>Summary</type>
</CustomField>
