<?xml version="1.0" encoding="UTF-8"?>
<CustomField xmlns="http://soap.sforce.com/2006/04/metadata">
    <fullName>CQ_CCC_Result__c</fullName>
    <description>Records the result of the inspection.</description>
    <externalId>false</externalId>
    <label>Result (Do Not Use)</label>
    <required>false</required>
    <trackTrending>false</trackTrending>
    <type>Picklist</type>
    <valueSet>
        <restricted>true</restricted>
        <valueSetDefinition>
            <sorted>false</sorted>
            <value>
                <fullName>Pass</fullName>
                <default>false</default>
                <label>Pass</label>
            </value>
            <value>
                <fullName>Fail</fullName>
                <default>false</default>
                <label>Fail</label>
            </value>
            <value>
                <fullName>Skip</fullName>
                <default>false</default>
                <label>Skip</label>
            </value>
        </valueSetDefinition>
    </valueSet>
</CustomField>
