<?xml version="1.0" encoding="UTF-8"?>
<CustomField xmlns="http://soap.sforce.com/2006/04/metadata">
    <fullName>CQ_CCC_Result_Min__c</fullName>
    <description>Roll-up summary field to display Min result of the Checkpoint Sample</description>
    <externalId>false</externalId>
    <label>Result (Min.)</label>
    <summarizedField>CQ_CCC_SQX_Checkpoint_Sample__c.CQ_CCC_Iteration_1__c</summarizedField>
    <summaryFilterItems>
        <field>CQ_CCC_SQX_Checkpoint_Sample__c.CQ_CCC_Iteration_1__c</field>
        <operation>notEqual</operation>
        <value></value>
    </summaryFilterItems>
    <summaryForeignKey>CQ_CCC_SQX_Checkpoint_Sample__c.CQ_CCC_SQX_Inspection_Target_Checkpoint__c</summaryForeignKey>
    <summaryOperation>min</summaryOperation>
    <trackTrending>false</trackTrending>
    <type>Summary</type>
</CustomField>
