<?xml version="1.0" encoding="UTF-8"?>
<CustomField xmlns="http://soap.sforce.com/2006/04/metadata">
    <fullName>CQ_CCC_Characteristics_Short_Text__c</fullName>
    <description>Custom text field to store first 20 characters of Characteristics in Inspection Detail. This field is used to sort Inspection Details by Characteristics in Certificate of Conformance.</description>
    <externalId>false</externalId>
    <label>Characteristics Short Text</label>
    <length>20</length>
    <required>false</required>
    <trackTrending>false</trackTrending>
    <type>Text</type>
    <unique>false</unique>
</CustomField>
