<?xml version="1.0" encoding="UTF-8"?>
<CustomField xmlns="http://soap.sforce.com/2006/04/metadata">
    <fullName>CQ_CCC_Unit_of_Measure__c</fullName>
    <description>This field gives the unit of measure.</description>
    <externalId>false</externalId>
    <label>Unit of Measure</label>
    <required>false</required>
    <trackTrending>false</trackTrending>
    <type>Picklist</type>
    <valueSet>
        <restricted>true</restricted>
        <valueSetDefinition>
            <sorted>false</sorted>
            <value>
                <fullName>%</fullName>
                <default>false</default>
                <label>%</label>
            </value>
            <value>
                <fullName>Each</fullName>
                <default>false</default>
                <label>Each</label>
            </value>
            <value>
                <fullName>gpm</fullName>
                <default>false</default>
                <label>gpm</label>
            </value>
            <value>
                <fullName>Inch</fullName>
                <default>false</default>
                <label>Inch</label>
            </value>
            <value>
                <fullName>Lbf</fullName>
                <default>false</default>
                <label>Lbf</label>
            </value>
            <value>
                <fullName>mIRHD</fullName>
                <default>false</default>
                <label>mIRHD</label>
            </value>
            <value>
                <fullName>mm</fullName>
                <default>false</default>
                <label>mm</label>
            </value>
            <value>
                <fullName>MPa</fullName>
                <default>false</default>
                <label>MPa</label>
            </value>
            <value>
                <fullName>N/mm</fullName>
                <default>false</default>
                <label>N/mm</label>
            </value>
            <value>
                <fullName>PSI</fullName>
                <default>false</default>
                <label>PSI</label>
            </value>
            <value>
                <fullName>Rockwell</fullName>
                <default>false</default>
                <label>Rockwell</label>
            </value>
            <value>
                <fullName>Shore A</fullName>
                <default>false</default>
                <label>Shore A</label>
            </value>
            <value>
                <fullName>Gallon</fullName>
                <default>false</default>
                <label>Gallon</label>
            </value>
            <value>
                <fullName>Gram</fullName>
                <default>false</default>
                <label>Gram</label>
            </value>
            <value>
                <fullName>Liter</fullName>
                <default>false</default>
                <isActive>false</isActive>
                <label>Liter</label>
            </value>
            <value>
                <fullName>Pound</fullName>
                <default>false</default>
                <isActive>false</isActive>
                <label>Pound</label>
            </value>
        </valueSetDefinition>
    </valueSet>
</CustomField>
