<?xml version="1.0" encoding="UTF-8"?>
<CustomLabels xmlns="http://soap.sforce.com/2006/04/metadata">
    <labels>
        <fullName>CQ_CCC_UI_ViewPriContent_Button_Label</fullName>
        <language>en_US</language>
        <protected>false</protected>
        <shortDescription>Label used as name of the buton to view primary content for obsolete document.</shortDescription>
        <value>View Primary Content</value>
    </labels>
    <labels>
        <fullName>CQ_CCC_UI_ViewPriContent_Section_Label</fullName>
        <language>en_US</language>
        <protected>false</protected>
        <shortDescription>Label used as title to view primary content for obsolete document.</shortDescription>
        <value>Primary Content Section</value>
    </labels>
    <labels>
        <fullName>CQ_CCC_UI_ViewSecContent_Button_Label</fullName>
        <language>en_US</language>
        <protected>false</protected>
        <shortDescription>This label is used as name of the buton to view content</shortDescription>
        <value>View Obsolete Content</value>
    </labels>
    <labels>
        <fullName>CQ_CCC_UI_ViewSecContent_Section_Label</fullName>
        <language>en_US</language>
        <protected>false</protected>
        <shortDescription>This label is used as title to view content for Obsolete Documents</shortDescription>
        <value>Secondary Content Section</value>
    </labels>
    <labels>
        <fullName>CQ_UI_COMMENT</fullName>
        <categories>CQ UI</categories>
        <language>en_US</language>
        <protected>false</protected>
        <shortDescription>CQUI Form</shortDescription>
        <value>Comment</value>
    </labels>
    <labels>
        <fullName>CQ_UI_CUSTOM_LINKS</fullName>
        <categories>CQ UI</categories>
        <language>en_US</language>
        <protected>false</protected>
        <shortDescription>CQUI Form</shortDescription>
        <value>Custom Links</value>
    </labels>
    <labels>
        <fullName>CQ_UI_INFORMATION</fullName>
        <categories>CQ UI</categories>
        <language>en_US</language>
        <protected>false</protected>
        <shortDescription>CQUI Form</shortDescription>
        <value>Information</value>
    </labels>
    <labels>
        <fullName>CQ_UI_INSPECTION</fullName>
        <categories>CQ UI</categories>
        <language>en_US</language>
        <protected>false</protected>
        <shortDescription>CQUI Form</shortDescription>
        <value>Inspection</value>
    </labels>
    <labels>
        <fullName>CQ_UI_NEW</fullName>
        <categories>CQ UI</categories>
        <language>en_US</language>
        <protected>false</protected>
        <shortDescription>CQUI Form</shortDescription>
        <value>New</value>
    </labels>
    <labels>
        <fullName>CQ_UI_SYSTEM_INFORMATION</fullName>
        <categories>CQ UI</categories>
        <language>en_US</language>
        <protected>false</protected>
        <shortDescription>CQUI Form</shortDescription>
        <value>System Information</value>
    </labels>
</CustomLabels>
