<?xml version="1.0" encoding="UTF-8"?>
<CustomField xmlns="http://soap.sforce.com/2006/04/metadata">
    <fullName>CQ_CCC_SQX_Part__c</fullName>
    <deleteConstraint>SetNull</deleteConstraint>
    <description>This field shows the part number related to inspection criteria</description>
    <externalId>false</externalId>
    <label>Part Number</label>
    <referenceTo>compliancequest__SQX_Part__c</referenceTo>
    <relationshipLabel>Components (Part Name)</relationshipLabel>
    <relationshipName>CQ_CCC_SQX_Components</relationshipName>
    <required>false</required>
    <trackTrending>false</trackTrending>
    <type>Lookup</type>
</CustomField>
