<?xml version="1.0" encoding="UTF-8"?>
<CustomField xmlns="http://soap.sforce.com/2006/04/metadata">
    <fullName>CQ_CCC_SQX_Controlled_Document__c</fullName>
    <deleteConstraint>SetNull</deleteConstraint>
    <description>This look up field related to Controlled Document.</description>
    <externalId>false</externalId>
    <label>Inspection Criteria</label>
    <referenceTo>compliancequest__SQX_Controlled_Document__c</referenceTo>
    <relationshipLabel>Components</relationshipLabel>
    <relationshipName>CQ_CCC_SQX_Components</relationshipName>
    <required>false</required>
    <trackTrending>false</trackTrending>
    <type>Lookup</type>
</CustomField>
