<?xml version="1.0" encoding="UTF-8"?>
<CustomField xmlns="http://soap.sforce.com/2006/04/metadata">
    <fullName>CQ_CCC_Next_Step_if_All_Accepted__c</fullName>
    <description>Custom field to mention Next Step if All Accepted</description>
    <externalId>false</externalId>
    <label>Next Step if All Accepted</label>
    <required>false</required>
    <trackHistory>false</trackHistory>
    <trackTrending>false</trackTrending>
    <type>Picklist</type>
    <valueSet>
        <valueSetDefinition>
            <sorted>false</sorted>
            <value>
                <fullName>Inspection</fullName>
                <default>false</default>
                <label>Inspection</label>
            </value>
            <value>
                <fullName>Skip</fullName>
                <default>false</default>
                <label>Skip</label>
            </value>
        </valueSetDefinition>
    </valueSet>
</CustomField>
