<?xml version="1.0" encoding="UTF-8"?>
<CustomField xmlns="http://soap.sforce.com/2006/04/metadata">
    <fullName>CQ_CCC_SQX_Sampling_Plan__c</fullName>
    <deleteConstraint>SetNull</deleteConstraint>
    <description>Lookup to the Sampling Plan Type object</description>
    <externalId>false</externalId>
    <label>Sampling Plan</label>
    <referenceTo>CQ_CCC_Sampling_Plan_type__c</referenceTo>
    <relationshipLabel>Inspection Switching Rules</relationshipLabel>
    <relationshipName>CQ_CCC_SQX_Inspection_Switching_Rules</relationshipName>
    <required>false</required>
    <trackHistory>false</trackHistory>
    <trackTrending>false</trackTrending>
    <type>Lookup</type>
</CustomField>
