<?xml version="1.0" encoding="UTF-8"?>
<CustomField xmlns="http://soap.sforce.com/2006/04/metadata">
    <fullName>CQ_CCC_No_of_Accepted_Lots__c</fullName>
    <description>custom field for No. of Accepted Lots</description>
    <externalId>false</externalId>
    <label>No. of Accepted Lots</label>
    <precision>18</precision>
    <required>false</required>
    <scale>0</scale>
    <trackHistory>false</trackHistory>
    <trackTrending>false</trackTrending>
    <type>Number</type>
    <unique>false</unique>
</CustomField>
