<?xml version="1.0" encoding="UTF-8"?>
<CustomField xmlns="http://soap.sforce.com/2006/04/metadata">
    <fullName>CQ_CCC_Next_State_if_1_Lot_Rejected__c</fullName>
    <description>custom field for Next State if 1 Lot Rejected</description>
    <externalId>false</externalId>
    <label>Next State if 1 Lot Rejected</label>
    <required>false</required>
    <trackHistory>false</trackHistory>
    <trackTrending>false</trackTrending>
    <type>Picklist</type>
    <valueSet>
        <valueSetDefinition>
            <sorted>false</sorted>
            <value>
                <fullName>Inspect</fullName>
                <default>false</default>
                <label>Inspect</label>
            </value>
            <value>
                <fullName>Skip</fullName>
                <default>false</default>
                <label>Skip</label>
            </value>
        </valueSetDefinition>
    </valueSet>
</CustomField>
