<?xml version="1.0" encoding="UTF-8"?>
<ListView xmlns="http://soap.sforce.com/2006/04/metadata">
    <fullName>All</fullName>
    <columns>NAME</columns>
    <columns>CQ_CCC_SQX_Sampling_Plan__c</columns>
    <columns>CQ_CCC_State__c</columns>
    <columns>CQ_CCC_No_of_Inspections__c</columns>
    <columns>CQ_CCC_Out_of_No_of_Lots__c</columns>
    <columns>CQ_CCC_Minimum_No_of_Lots__c</columns>
    <columns>CQ_CCC_No_of_Accepted_Lots__c</columns>
    <columns>CQ_CCC_Next_Step_if_All_Accepted__c</columns>
    <columns>CQ_CCC_Next_State_if_1_Lot_Rejected__c</columns>
    <filterScope>Everything</filterScope>
    <label>All</label>
</ListView>
