<?xml version="1.0" encoding="UTF-8"?>
<CustomField xmlns="http://soap.sforce.com/2006/04/metadata">
    <fullName>CQ_CCC_Process_Specification__c</fullName>
    <description>This keep record of Process Specification.</description>
    <externalId>false</externalId>
    <label>Process Specification</label>
    <length>32768</length>
    <trackFeedHistory>false</trackFeedHistory>
    <trackHistory>false</trackHistory>
    <trackTrending>false</trackTrending>
    <type>LongTextArea</type>
    <visibleLines>3</visibleLines>
</CustomField>
