<?xml version="1.0" encoding="UTF-8"?>
<CustomField xmlns="http://soap.sforce.com/2006/04/metadata">
    <fullName>CQ_CCC_Secondary_Pack_Qty__c</fullName>
    <description>This field keep record of the secondary pack quantity of Product Info.</description>
    <externalId>false</externalId>
    <label>Secondary Pack Qty</label>
    <precision>18</precision>
    <required>false</required>
    <scale>0</scale>
    <trackFeedHistory>false</trackFeedHistory>
    <trackHistory>false</trackHistory>
    <trackTrending>false</trackTrending>
    <type>Number</type>
    <unique>false</unique>
</CustomField>
