<?xml version="1.0" encoding="UTF-8"?>
<CustomField xmlns="http://soap.sforce.com/2006/04/metadata">
    <fullName>CQ_CCC_Customer_Part_Number__c</fullName>
    <description>This field keep record of customer part number in Product Info.</description>
    <externalId>false</externalId>
    <label>Customer Part Number</label>
    <length>100</length>
    <required>false</required>
    <trackFeedHistory>false</trackFeedHistory>
    <trackHistory>false</trackHistory>
    <trackTrending>false</trackTrending>
    <type>Text</type>
    <unique>false</unique>
</CustomField>
