<?xml version="1.0" encoding="UTF-8"?>
<CustomField xmlns="http://soap.sforce.com/2006/04/metadata">
    <fullName>CQ_CCC_SQX_Sampling_Plan__c</fullName>
    <deleteConstraint>SetNull</deleteConstraint>
    <description>This field is related to sampling plan.</description>
    <externalId>false</externalId>
    <label>Sampling Plan</label>
    <referenceTo>CQ_CCC_Sampling_Plan_type__c</referenceTo>
    <relationshipLabel>Controlled Documents</relationshipLabel>
    <relationshipName>CQ_CCC_SQX_Controlled_Doc_Sampling_Plan</relationshipName>
    <required>false</required>
    <trackFeedHistory>false</trackFeedHistory>
    <trackHistory>false</trackHistory>
    <trackTrending>false</trackTrending>
    <type>Lookup</type>
</CustomField>
