<?xml version="1.0" encoding="UTF-8"?>
<CustomField xmlns="http://soap.sforce.com/2006/04/metadata">
    <fullName>CQ_CCC_Country_Of_Origin__c</fullName>
    <description>This picklist field contains list of countries.</description>
    <externalId>false</externalId>
    <label>Country Of Origin</label>
    <required>false</required>
    <trackFeedHistory>false</trackFeedHistory>
    <trackHistory>false</trackHistory>
    <trackTrending>false</trackTrending>
    <type>Picklist</type>
    <valueSet>
        <restricted>true</restricted>
        <valueSetDefinition>
            <sorted>false</sorted>
            <value>
                <fullName>Australia</fullName>
                <default>false</default>
                <label>Australia</label>
            </value>
            <value>
                <fullName>China</fullName>
                <default>false</default>
                <label>China</label>
            </value>
            <value>
                <fullName>Italy</fullName>
                <default>false</default>
                <label>Italy</label>
            </value>
            <value>
                <fullName>New Zealand</fullName>
                <default>false</default>
                <label>New Zealand</label>
            </value>
            <value>
                <fullName>Taiwan</fullName>
                <default>false</default>
                <label>Taiwan</label>
            </value>
            <value>
                <fullName>Thailand</fullName>
                <default>false</default>
                <label>Thailand</label>
            </value>
            <value>
                <fullName>United States</fullName>
                <default>false</default>
                <label>United States</label>
            </value>
            <value>
                <fullName>Vietnam</fullName>
                <default>false</default>
                <label>Vietnam</label>
            </value>
        </valueSetDefinition>
    </valueSet>
</CustomField>
