<?xml version="1.0" encoding="UTF-8"?>
<CustomField xmlns="http://soap.sforce.com/2006/04/metadata">
    <fullName>CQ_CCC_National_Standard_Certification__c</fullName>
    <description>This is picklist which keep record of National Standard / Certification of Product Info.</description>
    <externalId>false</externalId>
    <label>National Standard / Certification</label>
    <required>false</required>
    <trackFeedHistory>false</trackFeedHistory>
    <trackHistory>false</trackHistory>
    <trackTrending>false</trackTrending>
    <type>MultiselectPicklist</type>
    <valueSet>
        <restricted>true</restricted>
        <valueSetDefinition>
            <sorted>false</sorted>
            <value>
                <fullName>ISO 9001:2015</fullName>
                <default>false</default>
                <label>ISO 9001:2015</label>
            </value>
            <value>
                <fullName>NSF 61</fullName>
                <default>false</default>
                <label>NSF 61</label>
            </value>
            <value>
                <fullName>NSF 51</fullName>
                <default>false</default>
                <label>NSF 51</label>
            </value>
            <value>
                <fullName>NSF 14</fullName>
                <default>false</default>
                <label>NSF 14</label>
            </value>
            <value>
                <fullName>WRAS</fullName>
                <default>false</default>
                <label>WRAS</label>
            </value>
            <value>
                <fullName>AS4020</fullName>
                <default>false</default>
                <label>AS4020</label>
            </value>
            <value>
                <fullName>21CFR177.2600</fullName>
                <default>false</default>
                <label>21CFR177.2600</label>
            </value>
            <value>
                <fullName>N/A</fullName>
                <default>false</default>
                <label>N/A</label>
            </value>
            <value>
                <fullName>ANSI51</fullName>
                <default>false</default>
                <label>ANSI51</label>
            </value>
            <value>
                <fullName>ASTMD2000</fullName>
                <default>false</default>
                <label>ASTMD2000</label>
            </value>
            <value>
                <fullName>BS6920</fullName>
                <default>false</default>
                <label>BS6920</label>
            </value>
            <value>
                <fullName>WRASBS 6920-1</fullName>
                <default>false</default>
                <label>WRASBS 6920-1</label>
            </value>
            <value>
                <fullName>ISO</fullName>
                <default>false</default>
                <isActive>false</isActive>
                <label>ISO</label>
            </value>
        </valueSetDefinition>
    </valueSet>
    <visibleLines>8</visibleLines>
</CustomField>
