<?xml version="1.0" encoding="UTF-8"?>
<CustomField xmlns="http://soap.sforce.com/2006/04/metadata">
    <fullName>CQ_CCC_Weight__c</fullName>
    <description>This keep record of weight for Production Info.</description>
    <externalId>false</externalId>
    <label>Weight</label>
    <precision>18</precision>
    <required>false</required>
    <scale>2</scale>
    <trackFeedHistory>false</trackFeedHistory>
    <trackHistory>false</trackHistory>
    <trackTrending>false</trackTrending>
    <type>Number</type>
    <unique>false</unique>
</CustomField>
