<?xml version="1.0" encoding="UTF-8"?>
<CustomField xmlns="http://soap.sforce.com/2006/04/metadata">
    <fullName>CQ_CCC_Packaging_Notes__c</fullName>
    <description>This field keep record of the packaging notes for Product Info.</description>
    <externalId>false</externalId>
    <label>Packaging Notes</label>
    <length>1000</length>
    <trackFeedHistory>false</trackFeedHistory>
    <trackHistory>false</trackHistory>
    <trackTrending>false</trackTrending>
    <type>LongTextArea</type>
    <visibleLines>5</visibleLines>
</CustomField>
