<?xml version="1.0" encoding="UTF-8"?>
<CustomField xmlns="http://soap.sforce.com/2006/04/metadata">
    <fullName>CQ_CCC_AQL_Formula__c</fullName>
    <description>This field gives the AQL information from Sampling plan.</description>
    <externalId>false</externalId>
    <formula>TEXT(CQ_CCC_SQX_Sampling_Plan__r.CQ_CCC_AQL__c)</formula>
    <label>AQL</label>
    <required>false</required>
    <trackHistory>false</trackHistory>
    <trackTrending>false</trackTrending>
    <type>Text</type>
    <unique>false</unique>
</CustomField>
