<?xml version="1.0" encoding="UTF-8"?>
<CustomField xmlns="http://soap.sforce.com/2006/04/metadata">
    <fullName>CQ_CCC_SQX_Drawing_Number_Rev__c</fullName>
    <deleteConstraint>SetNull</deleteConstraint>
    <description>This field is look up to Controlled Document</description>
    <externalId>false</externalId>
    <label>Drawing Number [Rev]</label>
    <referenceTo>compliancequest__SQX_Controlled_Document__c</referenceTo>
    <relationshipLabel>Controlled Documents (Drawing Number [Rev])</relationshipLabel>
    <relationshipName>CQ_CCC_SQX_Controlled_Documents</relationshipName>
    <required>false</required>
    <trackFeedHistory>false</trackFeedHistory>
    <trackHistory>false</trackHistory>
    <trackTrending>false</trackTrending>
    <type>Lookup</type>
</CustomField>
