<?xml version="1.0" encoding="UTF-8"?>
<CustomField xmlns="http://soap.sforce.com/2006/04/metadata">
    <fullName>CQ_CCC_SQX_Customer__c</fullName>
    <deleteConstraint>SetNull</deleteConstraint>
    <description>This is custom field which is lookup to Account.</description>
    <externalId>false</externalId>
    <label>Customer</label>
    <referenceTo>Account</referenceTo>
    <relationshipLabel>Controlled Documents</relationshipLabel>
    <relationshipName>CQ_CCC_SQX_Controlled_Documents</relationshipName>
    <required>false</required>
    <trackFeedHistory>false</trackFeedHistory>
    <trackHistory>false</trackHistory>
    <trackTrending>false</trackTrending>
    <type>Lookup</type>
</CustomField>
