<?xml version="1.0" encoding="UTF-8"?>
<WebLink xmlns="http://soap.sforce.com/2006/04/metadata">
    <fullName>CQ_CCC_Print</fullName>
    <availability>online</availability>
    <description>This button renders the vf page about the detail of the inspection criteria.</description>
    <displayType>button</displayType>
    <encodingKey>UTF-8</encodingKey>
    <hasMenubar>false</hasMenubar>
    <hasScrollbars>true</hasScrollbars>
    <hasToolbar>false</hasToolbar>
    <height>600</height>
    <isResizable>true</isResizable>
    <linkType>url</linkType>
    <masterLabel>Print</masterLabel>
    <openType>newWindow</openType>
    <position>none</position>
    <protected>false</protected>
    <showsLocation>false</showsLocation>
    <showsStatus>false</showsStatus>
    <url>{!URLFOR(&apos;/apex/CQ_CCC_Con_Doc_Print_inspection_Criteria&apos;,&apos;&apos;,[id=compliancequest__SQX_Controlled_Document__c.Id, RenderAs = &apos;pdf&apos;])}</url>
</WebLink>
