<?xml version="1.0" encoding="UTF-8"?>
<FlexiPage xmlns="http://soap.sforce.com/2006/04/metadata">
    <description>This is the flexipage for inspection record page for desktop view</description>
    <flexiPageRegions>
        <itemInstances>
            <componentInstance>
                <componentInstanceProperties>
                    <name>actionNames</name>
                    <valueList>
                        <valueListItems>
                            <value>Edit</value>
                        </valueListItems>
                        <valueListItems>
                            <value>CustomButton.compliancequest__SQX_Inspection__c.compliancequest__Complete</value>
                        </valueListItems>
                        <valueListItems>
                            <value>Delete</value>
                        </valueListItems>
                        <valueListItems>
                            <value>compliancequest__SQX_Inspection__c.CQ_CCC_Calculate_Result</value>
                            <visibilityRule>
                                <criteria>
                                    <leftValue>{!Record.compliancequest__Status__c}</leftValue>
                                    <operator>EQUAL</operator>
                                    <rightValue>Open</rightValue>
                                </criteria>
                            </visibilityRule>
                        </valueListItems>
                        <valueListItems>
                            <value>CustomButton.compliancequest__SQX_Inspection__c.CQ_CCC_Inspection_Result</value>
                        </valueListItems>
                        <valueListItems>
                            <value>CustomButton.compliancequest__SQX_Inspection__c.compliancequest__Inspection_Review</value>
                        </valueListItems>
                        <valueListItems>
                            <value>PrintableView</value>
                        </valueListItems>
                        <valueListItems>
                            <value>CustomButton.compliancequest__SQX_Inspection__c.compliancequest__Reopen</value>
                        </valueListItems>
                        <valueListItems>
                            <value>CustomButton.compliancequest__SQX_Inspection__c.compliancequest__Take_Ownership_and_Initiate</value>
                        </valueListItems>
                        <valueListItems>
                            <value>CustomButton.compliancequest__SQX_Inspection__c.compliancequest__Void</value>
                        </valueListItems>
                        <valueListItems>
                            <value>compliancequest__SQX_Inspection__c.CQ_CCC_Conformance_Certificate</value>
                        </valueListItems>
                    </valueList>
                </componentInstanceProperties>
                <componentInstanceProperties>
                    <name>collapsed</name>
                    <value>false</value>
                </componentInstanceProperties>
                <componentInstanceProperties>
                    <name>enableActionsConfiguration</name>
                    <value>true</value>
                </componentInstanceProperties>
                <componentInstanceProperties>
                    <name>enableActionsInNative</name>
                    <value>true</value>
                </componentInstanceProperties>
                <componentInstanceProperties>
                    <name>hideChatterActions</name>
                    <value>true</value>
                </componentInstanceProperties>
                <componentInstanceProperties>
                    <name>numVisibleActions</name>
                    <value>1</value>
                </componentInstanceProperties>
                <componentName>force:highlightsPanel</componentName>
                <identifier>force_highlightsPanel</identifier>
            </componentInstance>
        </itemInstances>
        <name>header</name>
        <type>Region</type>
    </flexiPageRegions>
    <flexiPageRegions>
        <itemInstances>
            <fieldInstance>
                <fieldInstanceProperties>
                    <name>uiBehavior</name>
                    <value>readonly</value>
                </fieldInstanceProperties>
                <fieldItem>Record.Name</fieldItem>
                <identifier>RecordNameField1</identifier>
            </fieldInstance>
        </itemInstances>
        <itemInstances>
            <fieldInstance>
                <fieldInstanceProperties>
                    <name>uiBehavior</name>
                    <value>required</value>
                </fieldInstanceProperties>
                <fieldItem>Record.compliancequest__Inspection_Type__c</fieldItem>
                <identifier>Recordcompliancequest_Inspection_Type_cField1</identifier>
            </fieldInstance>
        </itemInstances>
        <itemInstances>
            <fieldInstance>
                <fieldInstanceProperties>
                    <name>uiBehavior</name>
                    <value>required</value>
                </fieldInstanceProperties>
                <fieldItem>Record.compliancequest__SQX_Part__c</fieldItem>
                <identifier>Recordcompliancequest_SQX_Part_cField1</identifier>
            </fieldInstance>
        </itemInstances>
        <itemInstances>
            <fieldInstance>
                <fieldInstanceProperties>
                    <name>uiBehavior</name>
                    <value>none</value>
                </fieldInstanceProperties>
                <fieldItem>Record.compliancequest__Rev__c</fieldItem>
                <identifier>Recordcompliancequest_Rev_cField1</identifier>
            </fieldInstance>
        </itemInstances>
        <itemInstances>
            <fieldInstance>
                <fieldInstanceProperties>
                    <name>uiBehavior</name>
                    <value>none</value>
                </fieldInstanceProperties>
                <fieldItem>Record.compliancequest__SQX_Process__c</fieldItem>
                <identifier>Recordcompliancequest_SQX_Process_cField1</identifier>
            </fieldInstance>
        </itemInstances>
        <name>Facet-57f4183e-5d2e-467a-8220-b93840d9ce05</name>
        <type>Facet</type>
    </flexiPageRegions>
    <flexiPageRegions>
        <itemInstances>
            <fieldInstance>
                <fieldInstanceProperties>
                    <name>uiBehavior</name>
                    <value>readonly</value>
                </fieldInstanceProperties>
                <fieldItem>Record.compliancequest__Status__c</fieldItem>
                <identifier>Recordcompliancequest_Status_cField1</identifier>
            </fieldInstance>
        </itemInstances>
        <itemInstances>
            <fieldInstance>
                <fieldInstanceProperties>
                    <name>uiBehavior</name>
                    <value>readonly</value>
                </fieldInstanceProperties>
                <fieldItem>Record.compliancequest__Approval_Status__c</fieldItem>
                <identifier>Recordcompliancequest_Approval_Status_cField1</identifier>
            </fieldInstance>
        </itemInstances>
        <itemInstances>
            <fieldInstance>
                <fieldInstanceProperties>
                    <name>uiBehavior</name>
                    <value>none</value>
                </fieldInstanceProperties>
                <fieldItem>Record.compliancequest__Inspection_Result__c</fieldItem>
                <identifier>Recordcompliancequest_Inspection_Result_cField1</identifier>
            </fieldInstance>
        </itemInstances>
        <itemInstances>
            <fieldInstance>
                <fieldInstanceProperties>
                    <name>uiBehavior</name>
                    <value>readonly</value>
                </fieldInstanceProperties>
                <fieldItem>Record.compliancequest__SQX_Inspection_Criteria__c</fieldItem>
                <identifier>Recordcompliancequest_SQX_Inspection_Criteria_cField1</identifier>
            </fieldInstance>
        </itemInstances>
        <itemInstances>
            <fieldInstance>
                <fieldInstanceProperties>
                    <name>uiBehavior</name>
                    <value>none</value>
                </fieldInstanceProperties>
                <fieldItem>Record.compliancequest__SQX_Investigation__c</fieldItem>
                <identifier>Recordcompliancequest_SQX_Investigation_cField1</identifier>
            </fieldInstance>
        </itemInstances>
        <name>Facet-f7be5ce6-a135-450a-838e-3d16dc44da9f</name>
        <type>Facet</type>
    </flexiPageRegions>
    <flexiPageRegions>
        <itemInstances>
            <componentInstance>
                <componentInstanceProperties>
                    <name>body</name>
                    <value>Facet-57f4183e-5d2e-467a-8220-b93840d9ce05</value>
                </componentInstanceProperties>
                <componentName>flexipage:column</componentName>
                <identifier>flexipage_column1</identifier>
            </componentInstance>
        </itemInstances>
        <itemInstances>
            <componentInstance>
                <componentInstanceProperties>
                    <name>body</name>
                    <value>Facet-f7be5ce6-a135-450a-838e-3d16dc44da9f</value>
                </componentInstanceProperties>
                <componentName>flexipage:column</componentName>
                <identifier>flexipage_column2</identifier>
            </componentInstance>
        </itemInstances>
        <name>Facet-2a3917ba-a622-44ec-a7c3-3749f83934d2</name>
        <type>Facet</type>
    </flexiPageRegions>
    <flexiPageRegions>
        <itemInstances>
            <fieldInstance>
                <fieldInstanceProperties>
                    <name>uiBehavior</name>
                    <value>required</value>
                </fieldInstanceProperties>
                <fieldItem>Record.compliancequest__Inspection_Source__c</fieldItem>
                <identifier>Recordcompliancequest_Inspection_Source_cField1</identifier>
            </fieldInstance>
        </itemInstances>
        <itemInstances>
            <fieldInstance>
                <fieldInstanceProperties>
                    <name>uiBehavior</name>
                    <value>required</value>
                </fieldInstanceProperties>
                <fieldItem>Record.compliancequest__SQX_Supplier_Number__c</fieldItem>
                <identifier>Recordcompliancequest_SQX_Supplier_Number_cField1</identifier>
            </fieldInstance>
        </itemInstances>
        <itemInstances>
            <fieldInstance>
                <fieldInstanceProperties>
                    <name>uiBehavior</name>
                    <value>none</value>
                </fieldInstanceProperties>
                <fieldItem>Record.CQ_CCC_Supplier_Lot_Number__c</fieldItem>
                <identifier>RecordCQ_CCC_Supplier_Lot_Number_cField1</identifier>
            </fieldInstance>
        </itemInstances>
        <itemInstances>
            <fieldInstance>
                <fieldInstanceProperties>
                    <name>uiBehavior</name>
                    <value>none</value>
                </fieldInstanceProperties>
                <fieldItem>Record.compliancequest__Sample_Size__c</fieldItem>
                <identifier>Recordcompliancequest_Sample_Size_cField1</identifier>
            </fieldInstance>
        </itemInstances>
        <name>Facet-cda5bfe9-6d23-4746-b530-9994c8293869</name>
        <type>Facet</type>
    </flexiPageRegions>
    <flexiPageRegions>
        <itemInstances>
            <fieldInstance>
                <fieldInstanceProperties>
                    <name>uiBehavior</name>
                    <value>readonly</value>
                </fieldInstanceProperties>
                <fieldItem>Record.compliancequest__SQX_Receipt__c</fieldItem>
                <identifier>Recordcompliancequest_SQX_Receipt_cField1</identifier>
            </fieldInstance>
        </itemInstances>
        <itemInstances>
            <fieldInstance>
                <fieldInstanceProperties>
                    <name>uiBehavior</name>
                    <value>required</value>
                </fieldInstanceProperties>
                <fieldItem>Record.compliancequest__Lot_Number__c</fieldItem>
                <identifier>Recordcompliancequest_Lot_Number_cField1</identifier>
            </fieldInstance>
        </itemInstances>
        <itemInstances>
            <fieldInstance>
                <fieldInstanceProperties>
                    <name>uiBehavior</name>
                    <value>required</value>
                </fieldInstanceProperties>
                <fieldItem>Record.compliancequest__Lot_Quantity__c</fieldItem>
                <identifier>Recordcompliancequest_Lot_Quantity_cField1</identifier>
            </fieldInstance>
        </itemInstances>
        <itemInstances>
            <fieldInstance>
                <fieldInstanceProperties>
                    <name>uiBehavior</name>
                    <value>none</value>
                </fieldInstanceProperties>
                <fieldItem>Record.compliancequest__Unit_of_Measure__c</fieldItem>
                <identifier>Recordcompliancequest_Unit_of_Measure_cField1</identifier>
            </fieldInstance>
        </itemInstances>
        <itemInstances>
            <fieldInstance>
                <fieldInstanceProperties>
                    <name>uiBehavior</name>
                    <value>readonly</value>
                </fieldInstanceProperties>
                <fieldItem>Record.compliancequest__External_Reference__c</fieldItem>
                <identifier>Recordcompliancequest_External_Reference_cField1</identifier>
            </fieldInstance>
        </itemInstances>
        <name>Facet-f02ad09c-8a0a-42e3-846a-8ef269acfcf7</name>
        <type>Facet</type>
    </flexiPageRegions>
    <flexiPageRegions>
        <itemInstances>
            <componentInstance>
                <componentInstanceProperties>
                    <name>body</name>
                    <value>Facet-cda5bfe9-6d23-4746-b530-9994c8293869</value>
                </componentInstanceProperties>
                <componentName>flexipage:column</componentName>
                <identifier>flexipage_column3</identifier>
            </componentInstance>
        </itemInstances>
        <itemInstances>
            <componentInstance>
                <componentInstanceProperties>
                    <name>body</name>
                    <value>Facet-f02ad09c-8a0a-42e3-846a-8ef269acfcf7</value>
                </componentInstanceProperties>
                <componentName>flexipage:column</componentName>
                <identifier>flexipage_column4</identifier>
            </componentInstance>
        </itemInstances>
        <name>Facet-934e16b4-0628-454a-b9d3-d229437c32f0</name>
        <type>Facet</type>
    </flexiPageRegions>
    <flexiPageRegions>
        <itemInstances>
            <fieldInstance>
                <fieldInstanceProperties>
                    <name>uiBehavior</name>
                    <value>none</value>
                </fieldInstanceProperties>
                <fieldItem>Record.OwnerId</fieldItem>
                <identifier>RecordOwnerIdField1</identifier>
            </fieldInstance>
        </itemInstances>
        <name>Facet-83155e77-f637-448d-ac19-3467342405d0</name>
        <type>Facet</type>
    </flexiPageRegions>
    <flexiPageRegions>
        <itemInstances>
            <fieldInstance>
                <fieldInstanceProperties>
                    <name>uiBehavior</name>
                    <value>none</value>
                </fieldInstanceProperties>
                <fieldItem>Record.compliancequest__SQX_Department__c</fieldItem>
                <identifier>Recordcompliancequest_SQX_Department_cField1</identifier>
            </fieldInstance>
        </itemInstances>
        <itemInstances>
            <fieldInstance>
                <fieldInstanceProperties>
                    <name>uiBehavior</name>
                    <value>required</value>
                </fieldInstanceProperties>
                <fieldItem>Record.compliancequest__Org_Site__c</fieldItem>
                <identifier>Recordcompliancequest_Org_Site_cField1</identifier>
            </fieldInstance>
        </itemInstances>
        <name>Facet-295f1142-a6da-4fd2-b8ae-e2bb7f969cb1</name>
        <type>Facet</type>
    </flexiPageRegions>
    <flexiPageRegions>
        <itemInstances>
            <componentInstance>
                <componentInstanceProperties>
                    <name>body</name>
                    <value>Facet-83155e77-f637-448d-ac19-3467342405d0</value>
                </componentInstanceProperties>
                <componentName>flexipage:column</componentName>
                <identifier>flexipage_column5</identifier>
            </componentInstance>
        </itemInstances>
        <itemInstances>
            <componentInstance>
                <componentInstanceProperties>
                    <name>body</name>
                    <value>Facet-295f1142-a6da-4fd2-b8ae-e2bb7f969cb1</value>
                </componentInstanceProperties>
                <componentName>flexipage:column</componentName>
                <identifier>flexipage_column6</identifier>
            </componentInstance>
        </itemInstances>
        <name>Facet-16dea21b-8ba3-4aee-96f4-979efa6071c2</name>
        <type>Facet</type>
    </flexiPageRegions>
    <flexiPageRegions>
        <itemInstances>
            <fieldInstance>
                <fieldInstanceProperties>
                    <name>uiBehavior</name>
                    <value>none</value>
                </fieldInstanceProperties>
                <fieldItem>Record.compliancequest__Review_Required__c</fieldItem>
                <identifier>Recordcompliancequest_Review_Required_cField1</identifier>
            </fieldInstance>
        </itemInstances>
        <itemInstances>
            <fieldInstance>
                <fieldInstanceProperties>
                    <name>uiBehavior</name>
                    <value>none</value>
                </fieldInstanceProperties>
                <fieldItem>Record.compliancequest__Create_NC_If_Inspection_Fails__c</fieldItem>
                <identifier>Recordcompliancequest_Create_NC_If_Inspection_Fails_cField1</identifier>
            </fieldInstance>
        </itemInstances>
        <itemInstances>
            <fieldInstance>
                <fieldInstanceProperties>
                    <name>uiBehavior</name>
                    <value>readonly</value>
                </fieldInstanceProperties>
                <fieldItem>Record.compliancequest__SQX_NC_Number__c</fieldItem>
                <identifier>Recordcompliancequest_SQX_NC_Number_cField1</identifier>
                <visibilityRule>
                    <booleanFilter>1 OR 2</booleanFilter>
                    <criteria>
                        <leftValue>{!Record.compliancequest__Status__c}</leftValue>
                        <operator>EQUAL</operator>
                        <rightValue>Complete</rightValue>
                    </criteria>
                    <criteria>
                        <leftValue>{!Record.compliancequest__Status__c}</leftValue>
                        <operator>EQUAL</operator>
                        <rightValue>Closed</rightValue>
                    </criteria>
                </visibilityRule>
            </fieldInstance>
        </itemInstances>
        <name>Facet-e6545e6b-0529-4d6f-89e0-fcdb2da7c3d8</name>
        <type>Facet</type>
    </flexiPageRegions>
    <flexiPageRegions>
        <itemInstances>
            <fieldInstance>
                <fieldInstanceProperties>
                    <name>uiBehavior</name>
                    <value>none</value>
                </fieldInstanceProperties>
                <fieldItem>Record.compliancequest__SQX_Closure_Reviewer__c</fieldItem>
                <identifier>Recordcompliancequest_SQX_Closure_Reviewer_cField1</identifier>
            </fieldInstance>
        </itemInstances>
        <itemInstances>
            <fieldInstance>
                <fieldInstanceProperties>
                    <name>uiBehavior</name>
                    <value>none</value>
                </fieldInstanceProperties>
                <fieldItem>Record.compliancequest__Comment__c</fieldItem>
                <identifier>Recordcompliancequest_Comment_cField1</identifier>
            </fieldInstance>
        </itemInstances>
        <name>Facet-a66545f2-bdfd-4804-9653-8d40770c5dde</name>
        <type>Facet</type>
    </flexiPageRegions>
    <flexiPageRegions>
        <itemInstances>
            <componentInstance>
                <componentInstanceProperties>
                    <name>body</name>
                    <value>Facet-e6545e6b-0529-4d6f-89e0-fcdb2da7c3d8</value>
                </componentInstanceProperties>
                <componentName>flexipage:column</componentName>
                <identifier>flexipage_column7</identifier>
            </componentInstance>
        </itemInstances>
        <itemInstances>
            <componentInstance>
                <componentInstanceProperties>
                    <name>body</name>
                    <value>Facet-a66545f2-bdfd-4804-9653-8d40770c5dde</value>
                </componentInstanceProperties>
                <componentName>flexipage:column</componentName>
                <identifier>flexipage_column8</identifier>
            </componentInstance>
        </itemInstances>
        <name>Facet-51431d64-9a2f-4831-bd2a-1f10fed04d83</name>
        <type>Facet</type>
    </flexiPageRegions>
    <flexiPageRegions>
        <itemInstances>
            <fieldInstance>
                <fieldInstanceProperties>
                    <name>uiBehavior</name>
                    <value>readonly</value>
                </fieldInstanceProperties>
                <fieldItem>Record.CreatedById</fieldItem>
                <identifier>RecordCreatedByIdField1</identifier>
            </fieldInstance>
        </itemInstances>
        <name>Facet-9c4ee7be-29d7-478e-84ff-d62e93b53495</name>
        <type>Facet</type>
    </flexiPageRegions>
    <flexiPageRegions>
        <itemInstances>
            <fieldInstance>
                <fieldInstanceProperties>
                    <name>uiBehavior</name>
                    <value>readonly</value>
                </fieldInstanceProperties>
                <fieldItem>Record.LastModifiedById</fieldItem>
                <identifier>RecordLastModifiedByIdField1</identifier>
            </fieldInstance>
        </itemInstances>
        <name>Facet-f99561e3-bf98-4161-99c9-570bde073010</name>
        <type>Facet</type>
    </flexiPageRegions>
    <flexiPageRegions>
        <itemInstances>
            <componentInstance>
                <componentInstanceProperties>
                    <name>body</name>
                    <value>Facet-9c4ee7be-29d7-478e-84ff-d62e93b53495</value>
                </componentInstanceProperties>
                <componentName>flexipage:column</componentName>
                <identifier>flexipage_column9</identifier>
            </componentInstance>
        </itemInstances>
        <itemInstances>
            <componentInstance>
                <componentInstanceProperties>
                    <name>body</name>
                    <value>Facet-f99561e3-bf98-4161-99c9-570bde073010</value>
                </componentInstanceProperties>
                <componentName>flexipage:column</componentName>
                <identifier>flexipage_column10</identifier>
            </componentInstance>
        </itemInstances>
        <name>Facet-735ab173-c5f3-42a4-836b-24cca114435f</name>
        <type>Facet</type>
    </flexiPageRegions>
    <flexiPageRegions>
        <itemInstances>
            <componentInstance>
                <componentInstanceProperties>
                    <name>columns</name>
                    <value>Facet-2a3917ba-a622-44ec-a7c3-3749f83934d2</value>
                </componentInstanceProperties>
                <componentInstanceProperties>
                    <name>horizontalAlignment</name>
                    <value>false</value>
                </componentInstanceProperties>
                <componentInstanceProperties>
                    <name>label</name>
                    <value>Information</value>
                </componentInstanceProperties>
                <componentName>flexipage:fieldSection</componentName>
                <identifier>flexipage_fieldSection1</identifier>
            </componentInstance>
        </itemInstances>
        <itemInstances>
            <componentInstance>
                <componentInstanceProperties>
                    <name>columns</name>
                    <value>Facet-934e16b4-0628-454a-b9d3-d229437c32f0</value>
                </componentInstanceProperties>
                <componentInstanceProperties>
                    <name>horizontalAlignment</name>
                    <value>false</value>
                </componentInstanceProperties>
                <componentInstanceProperties>
                    <name>label</name>
                    <value>Source</value>
                </componentInstanceProperties>
                <componentName>flexipage:fieldSection</componentName>
                <identifier>flexipage_fieldSection2</identifier>
            </componentInstance>
        </itemInstances>
        <itemInstances>
            <componentInstance>
                <componentInstanceProperties>
                    <name>columns</name>
                    <value>Facet-16dea21b-8ba3-4aee-96f4-979efa6071c2</value>
                </componentInstanceProperties>
                <componentInstanceProperties>
                    <name>horizontalAlignment</name>
                    <value>false</value>
                </componentInstanceProperties>
                <componentInstanceProperties>
                    <name>label</name>
                    <value>Ownership</value>
                </componentInstanceProperties>
                <componentName>flexipage:fieldSection</componentName>
                <identifier>flexipage_fieldSection3</identifier>
            </componentInstance>
        </itemInstances>
        <itemInstances>
            <componentInstance>
                <componentInstanceProperties>
                    <name>columns</name>
                    <value>Facet-51431d64-9a2f-4831-bd2a-1f10fed04d83</value>
                </componentInstanceProperties>
                <componentInstanceProperties>
                    <name>horizontalAlignment</name>
                    <value>false</value>
                </componentInstanceProperties>
                <componentInstanceProperties>
                    <name>label</name>
                    <value>Closure</value>
                </componentInstanceProperties>
                <componentName>flexipage:fieldSection</componentName>
                <identifier>flexipage_fieldSection4</identifier>
            </componentInstance>
        </itemInstances>
        <itemInstances>
            <componentInstance>
                <componentInstanceProperties>
                    <name>columns</name>
                    <value>Facet-735ab173-c5f3-42a4-836b-24cca114435f</value>
                </componentInstanceProperties>
                <componentInstanceProperties>
                    <name>horizontalAlignment</name>
                    <value>false</value>
                </componentInstanceProperties>
                <componentInstanceProperties>
                    <name>label</name>
                    <value>System Information</value>
                </componentInstanceProperties>
                <componentName>flexipage:fieldSection</componentName>
                <identifier>flexipage_fieldSection5</identifier>
                <visibilityRule>
                    <booleanFilter>1 OR 2 OR 3 OR 4 OR 5</booleanFilter>
                    <criteria>
                        <leftValue>{!Record.compliancequest__Status__c}</leftValue>
                        <operator>EQUAL</operator>
                        <rightValue>Draft</rightValue>
                    </criteria>
                    <criteria>
                        <leftValue>{!Record.compliancequest__Status__c}</leftValue>
                        <operator>EQUAL</operator>
                        <rightValue>Open</rightValue>
                    </criteria>
                    <criteria>
                        <leftValue>{!Record.compliancequest__Status__c}</leftValue>
                        <operator>EQUAL</operator>
                        <rightValue>Complete</rightValue>
                    </criteria>
                    <criteria>
                        <leftValue>{!Record.compliancequest__Status__c}</leftValue>
                        <operator>EQUAL</operator>
                        <rightValue>Closed</rightValue>
                    </criteria>
                    <criteria>
                        <leftValue>{!Record.compliancequest__Status__c}</leftValue>
                        <operator>EQUAL</operator>
                        <rightValue>Void</rightValue>
                    </criteria>
                </visibilityRule>
            </componentInstance>
        </itemInstances>
        <itemInstances>
            <componentInstance>
                <componentName>force:recordDetailPanelMobile</componentName>
                <identifier>force_recordDetailPanelMobile1</identifier>
            </componentInstance>
        </itemInstances>
        <name>Facet-8bbd0ec3-cc68-448d-a202-bd2e9dd486dd</name>
        <type>Facet</type>
    </flexiPageRegions>
    <flexiPageRegions>
        <itemInstances>
            <componentInstance>
                <componentInstanceProperties>
                    <name>height</name>
                    <value>2000</value>
                </componentInstanceProperties>
                <componentInstanceProperties>
                    <name>label</name>
                    <value>Inspection Samples</value>
                </componentInstanceProperties>
                <componentInstanceProperties>
                    <name>pageName</name>
                    <value>CQ_CCC_Inspection_Samples_Page</value>
                </componentInstanceProperties>
                <componentInstanceProperties>
                    <name>showLabel</name>
                    <value>true</value>
                </componentInstanceProperties>
                <componentName>flexipage:visualforcePage</componentName>
                <identifier>flexipage_visualforcePage</identifier>
            </componentInstance>
        </itemInstances>
        <name>Facet-11f51495-95c1-49e5-ba7e-b39e61cc4b36</name>
        <type>Facet</type>
    </flexiPageRegions>
    <flexiPageRegions>
        <itemInstances>
            <componentInstance>
                <componentInstanceProperties>
                    <name>gridType</name>
                    <value>Standard</value>
                </componentInstanceProperties>
                <componentInstanceProperties>
                    <name>maxColumns</name>
                    <value>6</value>
                </componentInstanceProperties>
                <componentInstanceProperties>
                    <name>maxRows</name>
                    <value>8</value>
                </componentInstanceProperties>
                <componentName>cquiCccInspectionDetailGrid</componentName>
                <identifier>c_cquiCccInspectionDetailGrid1</identifier>
            </componentInstance>
        </itemInstances>
        <itemInstances>
            <componentInstance>
                <componentInstanceProperties>
                    <name>relatedListComponentOverride</name>
                    <value>NONE</value>
                </componentInstanceProperties>
                <componentInstanceProperties>
                    <name>rowsToDisplay</name>
                    <value>10</value>
                </componentInstanceProperties>
                <componentInstanceProperties>
                    <name>showActionBar</name>
                    <value>true</value>
                </componentInstanceProperties>
                <componentName>force:relatedListContainer</componentName>
                <identifier>force_relatedListContainer1</identifier>
            </componentInstance>
        </itemInstances>
        <name>Facet-407160ac-65d8-4077-b356-4b3103ba6161</name>
        <type>Facet</type>
    </flexiPageRegions>
    <flexiPageRegions>
        <itemInstances>
            <componentInstance>
                <componentInstanceProperties>
                    <name>active</name>
                    <value>true</value>
                </componentInstanceProperties>
                <componentInstanceProperties>
                    <name>body</name>
                    <value>Facet-8bbd0ec3-cc68-448d-a202-bd2e9dd486dd</value>
                </componentInstanceProperties>
                <componentInstanceProperties>
                    <name>title</name>
                    <value>Standard.Tab.detail</value>
                </componentInstanceProperties>
                <componentName>flexipage:tab</componentName>
                <identifier>detailTab</identifier>
            </componentInstance>
        </itemInstances>
        <itemInstances>
            <componentInstance>
                <componentInstanceProperties>
                    <name>body</name>
                    <value>Facet-11f51495-95c1-49e5-ba7e-b39e61cc4b36</value>
                </componentInstanceProperties>
                <componentInstanceProperties>
                    <name>title</name>
                    <value>Specifications &amp; Samples</value>
                </componentInstanceProperties>
                <componentName>flexipage:tab</componentName>
                <identifier>customTab</identifier>
            </componentInstance>
        </itemInstances>
        <itemInstances>
            <componentInstance>
                <componentInstanceProperties>
                    <name>active</name>
                    <value>false</value>
                </componentInstanceProperties>
                <componentInstanceProperties>
                    <name>body</name>
                    <value>Facet-407160ac-65d8-4077-b356-4b3103ba6161</value>
                </componentInstanceProperties>
                <componentInstanceProperties>
                    <name>title</name>
                    <value>Standard.Tab.relatedLists</value>
                </componentInstanceProperties>
                <componentName>flexipage:tab</componentName>
                <identifier>relatedListsTab</identifier>
            </componentInstance>
        </itemInstances>
        <name>Facet-2500e0d0-4ef7-4eca-b06e-3bcc88f680b6</name>
        <type>Facet</type>
    </flexiPageRegions>
    <flexiPageRegions>
        <itemInstances>
            <componentInstance>
                <componentInstanceProperties>
                    <name>tabs</name>
                    <value>Facet-2500e0d0-4ef7-4eca-b06e-3bcc88f680b6</value>
                </componentInstanceProperties>
                <componentName>flexipage:tabset</componentName>
                <identifier>flexipage_tabset</identifier>
            </componentInstance>
        </itemInstances>
        <name>main</name>
        <type>Region</type>
    </flexiPageRegions>
    <masterLabel>CQUI CCC Inspection Record Page Desktop</masterLabel>
    <sobjectType>compliancequest__SQX_Inspection__c</sobjectType>
    <template>
        <name>flexipage:recordHomeSimpleViewTemplate</name>
    </template>
    <type>RecordPage</type>
</FlexiPage>
