<?xml version="1.0" encoding="UTF-8"?>
<FlexiPage xmlns="http://soap.sforce.com/2006/04/metadata">
    <flexiPageRegions>
        <itemInstances>
            <componentInstance>
                <componentInstanceProperties>
                    <name>collapsed</name>
                    <value>false</value>
                </componentInstanceProperties>
                <componentInstanceProperties>
                    <name>enableActionsConfiguration</name>
                    <value>false</value>
                </componentInstanceProperties>
                <componentInstanceProperties>
                    <name>hideChatterActions</name>
                    <value>true</value>
                </componentInstanceProperties>
                <componentInstanceProperties>
                    <name>numVisibleActions</name>
                    <value>1</value>
                </componentInstanceProperties>
                <componentName>force:highlightsPanel</componentName>
                <identifier>force_highlightsPanel</identifier>
            </componentInstance>
        </itemInstances>
        <itemInstances>
            <componentInstance>
                <componentInstanceProperties>
                    <name>hideUpdateButton</name>
                    <value>true</value>
                </componentInstanceProperties>
                <componentInstanceProperties>
                    <name>variant</name>
                    <value>linear</value>
                </componentInstanceProperties>
                <componentName>runtime_sales_pathassistant:pathAssistant</componentName>
                <identifier>runtime_sales_pathassistant_pathAssistant</identifier>
            </componentInstance>
        </itemInstances>
        <itemInstances>
            <componentInstance>
                <componentInstanceProperties>
                    <name>hideHeader</name>
                    <value>false</value>
                </componentInstanceProperties>
                <componentName>force:relatedListQuickLinksContainer</componentName>
                <identifier>force_relatedListQuickLinksContainer</identifier>
            </componentInstance>
        </itemInstances>
        <name>header</name>
        <type>Region</type>
    </flexiPageRegions>
    <flexiPageRegions>
        <itemInstances>
            <fieldInstance>
                <fieldInstanceProperties>
                    <name>uiBehavior</name>
                    <value>required</value>
                </fieldInstanceProperties>
                <fieldItem>Record.compliancequest__Document_Number__c</fieldItem>
                <identifier>Recordcompliancequest_Document_Number_cField1</identifier>
            </fieldInstance>
        </itemInstances>
        <itemInstances>
            <fieldInstance>
                <fieldInstanceProperties>
                    <name>uiBehavior</name>
                    <value>none</value>
                </fieldInstanceProperties>
                <fieldItem>Record.compliancequest__Revision__c</fieldItem>
                <identifier>Recordcompliancequest_Revision_cField1</identifier>
            </fieldInstance>
        </itemInstances>
        <itemInstances>
            <fieldInstance>
                <fieldInstanceProperties>
                    <name>uiBehavior</name>
                    <value>required</value>
                </fieldInstanceProperties>
                <fieldItem>Record.compliancequest__Title__c</fieldItem>
                <identifier>Recordcompliancequest_Title_cField1</identifier>
            </fieldInstance>
        </itemInstances>
        <itemInstances>
            <fieldInstance>
                <fieldInstanceProperties>
                    <name>uiBehavior</name>
                    <value>none</value>
                </fieldInstanceProperties>
                <fieldItem>Record.compliancequest__Document_Type__c</fieldItem>
                <identifier>Recordcompliancequest_Document_Type_cField1</identifier>
            </fieldInstance>
        </itemInstances>
        <itemInstances>
            <fieldInstance>
                <fieldInstanceProperties>
                    <name>uiBehavior</name>
                    <value>none</value>
                </fieldInstanceProperties>
                <fieldItem>Record.compliancequest__Document_Category__c</fieldItem>
                <identifier>Recordcompliancequest_Document_Category_cField1</identifier>
            </fieldInstance>
        </itemInstances>
        <itemInstances>
            <fieldInstance>
                <fieldInstanceProperties>
                    <name>uiBehavior</name>
                    <value>required</value>
                </fieldInstanceProperties>
                <fieldItem>Record.compliancequest__SQX_Part__c</fieldItem>
                <identifier>Recordcompliancequest_SQX_Part_cField1</identifier>
            </fieldInstance>
        </itemInstances>
        <itemInstances>
            <fieldInstance>
                <fieldInstanceProperties>
                    <name>uiBehavior</name>
                    <value>none</value>
                </fieldInstanceProperties>
                <fieldItem>Record.compliancequest__SQX_Service__c</fieldItem>
                <identifier>Recordcompliancequest_SQX_Service_cField1</identifier>
            </fieldInstance>
        </itemInstances>
        <itemInstances>
            <fieldInstance>
                <fieldInstanceProperties>
                    <name>uiBehavior</name>
                    <value>none</value>
                </fieldInstanceProperties>
                <fieldItem>Record.CQ_CCC_SQX_Sampling_Plan__c</fieldItem>
                <identifier>RecordCQ_CCC_SQX_Sampling_Plan_cField1</identifier>
                <visibilityRule>
                    <criteria>
                        <leftValue>{!Record.RecordType.DeveloperName}</leftValue>
                        <operator>EQUAL</operator>
                        <rightValue>Inspection_Criteria</rightValue>
                    </criteria>
                </visibilityRule>
            </fieldInstance>
        </itemInstances>
        <itemInstances>
            <fieldInstance>
                <fieldInstanceProperties>
                    <name>uiBehavior</name>
                    <value>none</value>
                </fieldInstanceProperties>
                <fieldItem>Record.CQ_CCC_AQL_Formula__c</fieldItem>
                <identifier>RecordCQ_CCC_AQL_Formula_cField1</identifier>
                <visibilityRule>
                    <criteria>
                        <leftValue>{!Record.RecordType.DeveloperName}</leftValue>
                        <operator>EQUAL</operator>
                        <rightValue>Inspection_Criteria</rightValue>
                    </criteria>
                </visibilityRule>
            </fieldInstance>
        </itemInstances>
        <itemInstances>
            <fieldInstance>
                <fieldInstanceProperties>
                    <name>uiBehavior</name>
                    <value>none</value>
                </fieldInstanceProperties>
                <fieldItem>Record.compliancequest__Description__c</fieldItem>
                <identifier>Recordcompliancequest_Description_cField1</identifier>
            </fieldInstance>
        </itemInstances>
        <name>Facet-6ba55403-c54a-431a-a04b-33fc8c3fd9ea</name>
        <type>Facet</type>
    </flexiPageRegions>
    <flexiPageRegions>
        <itemInstances>
            <fieldInstance>
                <fieldInstanceProperties>
                    <name>uiBehavior</name>
                    <value>readonly</value>
                </fieldInstanceProperties>
                <fieldItem>Record.compliancequest__Document_Status__c</fieldItem>
                <identifier>Recordcompliancequest_Document_Status_cField1</identifier>
            </fieldInstance>
        </itemInstances>
        <itemInstances>
            <fieldInstance>
                <fieldInstanceProperties>
                    <name>uiBehavior</name>
                    <value>readonly</value>
                </fieldInstanceProperties>
                <fieldItem>Record.compliancequest__Approval_Status__c</fieldItem>
                <identifier>Recordcompliancequest_Approval_Status_cField1</identifier>
            </fieldInstance>
        </itemInstances>
        <itemInstances>
            <fieldInstance>
                <fieldInstanceProperties>
                    <name>uiBehavior</name>
                    <value>none</value>
                </fieldInstanceProperties>
                <fieldItem>Record.compliancequest__Date_Of_Origin__c</fieldItem>
                <identifier>Recordcompliancequest_Date_Of_Origin_cField1</identifier>
            </fieldInstance>
        </itemInstances>
        <itemInstances>
            <fieldInstance>
                <fieldInstanceProperties>
                    <name>uiBehavior</name>
                    <value>readonly</value>
                </fieldInstanceProperties>
                <fieldItem>Record.compliancequest__Date_Approved__c</fieldItem>
                <identifier>Recordcompliancequest_Date_Approved_cField1</identifier>
            </fieldInstance>
        </itemInstances>
        <itemInstances>
            <fieldInstance>
                <fieldInstanceProperties>
                    <name>uiBehavior</name>
                    <value>none</value>
                </fieldInstanceProperties>
                <fieldItem>Record.compliancequest__Auto_Release__c</fieldItem>
                <identifier>Recordcompliancequest_Auto_Release_cField1</identifier>
            </fieldInstance>
        </itemInstances>
        <itemInstances>
            <fieldInstance>
                <fieldInstanceProperties>
                    <name>uiBehavior</name>
                    <value>readonly</value>
                </fieldInstanceProperties>
                <fieldItem>Record.compliancequest__Date_Issued__c</fieldItem>
                <identifier>Recordcompliancequest_Date_Issued_cField1</identifier>
            </fieldInstance>
        </itemInstances>
        <itemInstances>
            <fieldInstance>
                <fieldInstanceProperties>
                    <name>uiBehavior</name>
                    <value>none</value>
                </fieldInstanceProperties>
                <fieldItem>Record.compliancequest__Effective_Date__c</fieldItem>
                <identifier>Recordcompliancequest_Effective_Date_cField1</identifier>
            </fieldInstance>
        </itemInstances>
        <itemInstances>
            <fieldInstance>
                <fieldInstanceProperties>
                    <name>uiBehavior</name>
                    <value>none</value>
                </fieldInstanceProperties>
                <fieldItem>Record.compliancequest__Expiration_Date__c</fieldItem>
                <identifier>Recordcompliancequest_Expiration_Date_cField1</identifier>
            </fieldInstance>
        </itemInstances>
        <itemInstances>
            <fieldInstance>
                <fieldInstanceProperties>
                    <name>uiBehavior</name>
                    <value>none</value>
                </fieldInstanceProperties>
                <fieldItem>Record.compliancequest__SQX_Approval_Matrix__c</fieldItem>
                <identifier>Recordcompliancequest_SQX_Approval_Matrix_cField1</identifier>
            </fieldInstance>
        </itemInstances>
        <name>Facet-0c9dc13e-0f1f-4223-94ac-85a2de5c5b78</name>
        <type>Facet</type>
    </flexiPageRegions>
    <flexiPageRegions>
        <itemInstances>
            <componentInstance>
                <componentInstanceProperties>
                    <name>body</name>
                    <value>Facet-6ba55403-c54a-431a-a04b-33fc8c3fd9ea</value>
                </componentInstanceProperties>
                <componentName>flexipage:column</componentName>
                <identifier>flexipage_column1</identifier>
            </componentInstance>
        </itemInstances>
        <itemInstances>
            <componentInstance>
                <componentInstanceProperties>
                    <name>body</name>
                    <value>Facet-0c9dc13e-0f1f-4223-94ac-85a2de5c5b78</value>
                </componentInstanceProperties>
                <componentName>flexipage:column</componentName>
                <identifier>flexipage_column2</identifier>
            </componentInstance>
        </itemInstances>
        <name>Facet-fcaa254a-661e-43b9-a1cb-4ffc6f8416f1</name>
        <type>Facet</type>
    </flexiPageRegions>
    <flexiPageRegions>
        <itemInstances>
            <fieldInstance>
                <fieldInstanceProperties>
                    <name>uiBehavior</name>
                    <value>none</value>
                </fieldInstanceProperties>
                <fieldItem>Record.CQ_CCC_Material__c</fieldItem>
                <identifier>RecordCQ_CCC_Material_cField1</identifier>
            </fieldInstance>
        </itemInstances>
        <itemInstances>
            <fieldInstance>
                <fieldInstanceProperties>
                    <name>uiBehavior</name>
                    <value>none</value>
                </fieldInstanceProperties>
                <fieldItem>Record.CQ_CCC_SQX_Drawing_Number_Rev__c</fieldItem>
                <identifier>RecordCQ_CCC_SQX_Drawing_Number_Rev_cField1</identifier>
            </fieldInstance>
        </itemInstances>
        <itemInstances>
            <fieldInstance>
                <fieldInstanceProperties>
                    <name>uiBehavior</name>
                    <value>none</value>
                </fieldInstanceProperties>
                <fieldItem>Record.CQ_CCC_SQX_Customer__c</fieldItem>
                <identifier>RecordCQ_CCC_SQX_Customer_cField1</identifier>
            </fieldInstance>
        </itemInstances>
        <itemInstances>
            <fieldInstance>
                <fieldInstanceProperties>
                    <name>uiBehavior</name>
                    <value>none</value>
                </fieldInstanceProperties>
                <fieldItem>Record.CQ_CCC_Primary_Pack_Type__c</fieldItem>
                <identifier>RecordCQ_CCC_Primary_Pack_Type_cField1</identifier>
            </fieldInstance>
        </itemInstances>
        <itemInstances>
            <fieldInstance>
                <fieldInstanceProperties>
                    <name>uiBehavior</name>
                    <value>none</value>
                </fieldInstanceProperties>
                <fieldItem>Record.CQ_CCC_Secondary_Pack_Type__c</fieldItem>
                <identifier>RecordCQ_CCC_Secondary_Pack_Type_cField1</identifier>
            </fieldInstance>
        </itemInstances>
        <itemInstances>
            <fieldInstance>
                <fieldInstanceProperties>
                    <name>uiBehavior</name>
                    <value>none</value>
                </fieldInstanceProperties>
                <fieldItem>Record.CQ_CCC_Packing_Formulation_1__c</fieldItem>
                <identifier>RecordCQ_CCC_Packing_Formulation_1_cField1</identifier>
            </fieldInstance>
        </itemInstances>
        <itemInstances>
            <fieldInstance>
                <fieldInstanceProperties>
                    <name>uiBehavior</name>
                    <value>none</value>
                </fieldInstanceProperties>
                <fieldItem>Record.CQ_CCC_Packing_Formulation_2__c</fieldItem>
                <identifier>RecordCQ_CCC_Packing_Formulation_2_cField1</identifier>
            </fieldInstance>
        </itemInstances>
        <itemInstances>
            <fieldInstance>
                <fieldInstanceProperties>
                    <name>uiBehavior</name>
                    <value>none</value>
                </fieldInstanceProperties>
                <fieldItem>Record.CQ_CCC_Packaging_Notes__c</fieldItem>
                <identifier>RecordCQ_CCC_Packaging_Notes_cField1</identifier>
            </fieldInstance>
        </itemInstances>
        <itemInstances>
            <fieldInstance>
                <fieldInstanceProperties>
                    <name>uiBehavior</name>
                    <value>none</value>
                </fieldInstanceProperties>
                <fieldItem>Record.CQ_CCC_Process_Specification__c</fieldItem>
                <identifier>RecordProcess_Specification_cField1</identifier>
            </fieldInstance>
        </itemInstances>
        <name>Facet-5f8315f9-b6fa-4722-9301-23d410ead34e</name>
        <type>Facet</type>
    </flexiPageRegions>
    <flexiPageRegions>
        <itemInstances>
            <fieldInstance>
                <fieldInstanceProperties>
                    <name>uiBehavior</name>
                    <value>none</value>
                </fieldInstanceProperties>
                <fieldItem>Record.CQ_CCC_Customer_Part_Number__c</fieldItem>
                <identifier>RecordCQ_CCC_Customer_Part_Number_cField1</identifier>
            </fieldInstance>
        </itemInstances>
        <itemInstances>
            <fieldInstance>
                <fieldInstanceProperties>
                    <name>uiBehavior</name>
                    <value>none</value>
                </fieldInstanceProperties>
                <fieldItem>Record.CQ_CCC_Weight__c</fieldItem>
                <identifier>RecordCQ_CCC_Weight_cField1</identifier>
            </fieldInstance>
        </itemInstances>
        <itemInstances>
            <fieldInstance>
                <fieldInstanceProperties>
                    <name>uiBehavior</name>
                    <value>none</value>
                </fieldInstanceProperties>
                <fieldItem>Record.CQ_CCC_SQX_Supplier__c</fieldItem>
                <identifier>RecordCQ_CCC_SQX_Supplier_cField1</identifier>
            </fieldInstance>
        </itemInstances>
        <itemInstances>
            <fieldInstance>
                <fieldInstanceProperties>
                    <name>uiBehavior</name>
                    <value>none</value>
                </fieldInstanceProperties>
                <fieldItem>Record.CQ_CCC_Primary_Pack_Qty__c</fieldItem>
                <identifier>RecordCQ_CCC_Primary_Pack_Qty_cField1</identifier>
            </fieldInstance>
        </itemInstances>
        <itemInstances>
            <fieldInstance>
                <fieldInstanceProperties>
                    <name>uiBehavior</name>
                    <value>none</value>
                </fieldInstanceProperties>
                <fieldItem>Record.CQ_CCC_Secondary_Pack_Qty__c</fieldItem>
                <identifier>RecordCQ_CCC_Secondary_Pack_Qty_cField1</identifier>
            </fieldInstance>
        </itemInstances>
        <itemInstances>
            <fieldInstance>
                <fieldInstanceProperties>
                    <name>uiBehavior</name>
                    <value>none</value>
                </fieldInstanceProperties>
                <fieldItem>Record.CQ_CCC_Manufacturing_Formulation_1__c</fieldItem>
                <identifier>RecordCQ_CCC_Manufacturing_Formulation_1_cField1</identifier>
            </fieldInstance>
        </itemInstances>
        <itemInstances>
            <fieldInstance>
                <fieldInstanceProperties>
                    <name>uiBehavior</name>
                    <value>none</value>
                </fieldInstanceProperties>
                <fieldItem>Record.CQ_CCC_Manufacturing_Formulation_2__c</fieldItem>
                <identifier>RecordCQ_CCC_Manufacturing_Formulation_2_cField1</identifier>
            </fieldInstance>
        </itemInstances>
        <itemInstances>
            <fieldInstance>
                <fieldInstanceProperties>
                    <name>uiBehavior</name>
                    <value>none</value>
                </fieldInstanceProperties>
                <fieldItem>Record.CQ_CCC_Country_Of_Origin__c</fieldItem>
                <identifier>RecordCQ_CCC_Country_Of_Origin_cField2</identifier>
            </fieldInstance>
        </itemInstances>
        <itemInstances>
            <fieldInstance>
                <fieldInstanceProperties>
                    <name>uiBehavior</name>
                    <value>none</value>
                </fieldInstanceProperties>
                <fieldItem>Record.CQ_CCC_National_Standard_Certification__c</fieldItem>
                <identifier>RecordCQ_CCC_National_Standard_Certification_cField1</identifier>
            </fieldInstance>
        </itemInstances>
        <name>Facet-690ff8a6-7ceb-4f69-b9a7-71d1b9b8c411</name>
        <type>Facet</type>
    </flexiPageRegions>
    <flexiPageRegions>
        <itemInstances>
            <componentInstance>
                <componentInstanceProperties>
                    <name>body</name>
                    <value>Facet-5f8315f9-b6fa-4722-9301-23d410ead34e</value>
                </componentInstanceProperties>
                <componentName>flexipage:column</componentName>
                <identifier>flexipage_column3</identifier>
            </componentInstance>
        </itemInstances>
        <itemInstances>
            <componentInstance>
                <componentInstanceProperties>
                    <name>body</name>
                    <value>Facet-690ff8a6-7ceb-4f69-b9a7-71d1b9b8c411</value>
                </componentInstanceProperties>
                <componentName>flexipage:column</componentName>
                <identifier>flexipage_column4</identifier>
            </componentInstance>
        </itemInstances>
        <name>Facet-d277ac95-584d-4624-9d2d-b1b70b7a4d6d</name>
        <type>Facet</type>
    </flexiPageRegions>
    <flexiPageRegions>
        <itemInstances>
            <fieldInstance>
                <fieldInstanceProperties>
                    <name>uiBehavior</name>
                    <value>none</value>
                </fieldInstanceProperties>
                <fieldItem>Record.OwnerId</fieldItem>
                <identifier>RecordOwnerIdField1</identifier>
            </fieldInstance>
        </itemInstances>
        <itemInstances>
            <fieldInstance>
                <fieldInstanceProperties>
                    <name>uiBehavior</name>
                    <value>none</value>
                </fieldInstanceProperties>
                <fieldItem>Record.compliancequest__SQX_Department__c</fieldItem>
                <identifier>Recordcompliancequest_SQX_Department_cField1</identifier>
            </fieldInstance>
        </itemInstances>
        <name>Facet-5e866864-1d86-4911-a3b2-d51f8a46be31</name>
        <type>Facet</type>
    </flexiPageRegions>
    <flexiPageRegions>
        <itemInstances>
            <fieldInstance>
                <fieldInstanceProperties>
                    <name>uiBehavior</name>
                    <value>none</value>
                </fieldInstanceProperties>
                <fieldItem>Record.compliancequest__Org_Site__c</fieldItem>
                <identifier>Recordcompliancequest_Org_Site_cField1</identifier>
            </fieldInstance>
        </itemInstances>
        <name>Facet-501b5b16-fcac-4b22-a51d-d6f71b50aff1</name>
        <type>Facet</type>
    </flexiPageRegions>
    <flexiPageRegions>
        <itemInstances>
            <componentInstance>
                <componentInstanceProperties>
                    <name>body</name>
                    <value>Facet-5e866864-1d86-4911-a3b2-d51f8a46be31</value>
                </componentInstanceProperties>
                <componentName>flexipage:column</componentName>
                <identifier>flexipage_column5</identifier>
            </componentInstance>
        </itemInstances>
        <itemInstances>
            <componentInstance>
                <componentInstanceProperties>
                    <name>body</name>
                    <value>Facet-501b5b16-fcac-4b22-a51d-d6f71b50aff1</value>
                </componentInstanceProperties>
                <componentName>flexipage:column</componentName>
                <identifier>flexipage_column6</identifier>
            </componentInstance>
        </itemInstances>
        <name>Facet-7ddb546f-25c5-4c70-96c5-53558215e616</name>
        <type>Facet</type>
    </flexiPageRegions>
    <flexiPageRegions>
        <itemInstances>
            <fieldInstance>
                <fieldInstanceProperties>
                    <name>uiBehavior</name>
                    <value>none</value>
                </fieldInstanceProperties>
                <fieldItem>Record.compliancequest__SQX_Change_Order__c</fieldItem>
                <identifier>Recordcompliancequest_SQX_Change_Order_cField1</identifier>
            </fieldInstance>
        </itemInstances>
        <itemInstances>
            <fieldInstance>
                <fieldInstanceProperties>
                    <name>uiBehavior</name>
                    <value>readonly</value>
                </fieldInstanceProperties>
                <fieldItem>Record.compliancequest__Change_Scope__c</fieldItem>
                <identifier>Recordcompliancequest_Change_Scope_cField1</identifier>
            </fieldInstance>
        </itemInstances>
        <itemInstances>
            <fieldInstance>
                <fieldInstanceProperties>
                    <name>uiBehavior</name>
                    <value>readonly</value>
                </fieldInstanceProperties>
                <fieldItem>Record.compliancequest__Changes__c</fieldItem>
                <identifier>Recordcompliancequest_Changes_cField1</identifier>
            </fieldInstance>
        </itemInstances>
        <name>Facet-6947ae80-65a7-413c-9d08-c2c9fd0e4d4e</name>
        <type>Facet</type>
    </flexiPageRegions>
    <flexiPageRegions>
        <itemInstances>
            <componentInstance>
                <componentInstanceProperties>
                    <name>body</name>
                    <value>Facet-6947ae80-65a7-413c-9d08-c2c9fd0e4d4e</value>
                </componentInstanceProperties>
                <componentName>flexipage:column</componentName>
                <identifier>flexipage_column7</identifier>
            </componentInstance>
        </itemInstances>
        <name>Facet-6245fe6d-2b79-4a3b-aaa1-9622043cbf34</name>
        <type>Facet</type>
    </flexiPageRegions>
    <flexiPageRegions>
        <itemInstances>
            <fieldInstance>
                <fieldInstanceProperties>
                    <name>uiBehavior</name>
                    <value>none</value>
                </fieldInstanceProperties>
                <fieldItem>Record.compliancequest__Duration__c</fieldItem>
                <identifier>Recordcompliancequest_Duration_cField1</identifier>
            </fieldInstance>
        </itemInstances>
        <itemInstances>
            <fieldInstance>
                <fieldInstanceProperties>
                    <name>uiBehavior</name>
                    <value>none</value>
                </fieldInstanceProperties>
                <fieldItem>Record.compliancequest__Review_Interval__c</fieldItem>
                <identifier>Recordcompliancequest_Review_Interval_cField1</identifier>
            </fieldInstance>
        </itemInstances>
        <name>Facet-d3b7f556-56d5-43d9-8460-08a2a85b6654</name>
        <type>Facet</type>
    </flexiPageRegions>
    <flexiPageRegions>
        <itemInstances>
            <fieldInstance>
                <fieldInstanceProperties>
                    <name>uiBehavior</name>
                    <value>readonly</value>
                </fieldInstanceProperties>
                <fieldItem>Record.compliancequest__Last_Review_Date__c</fieldItem>
                <identifier>Recordcompliancequest_Last_Review_Date_cField1</identifier>
            </fieldInstance>
        </itemInstances>
        <itemInstances>
            <fieldInstance>
                <fieldInstanceProperties>
                    <name>uiBehavior</name>
                    <value>none</value>
                </fieldInstanceProperties>
                <fieldItem>Record.compliancequest__Next_Review_Date__c</fieldItem>
                <identifier>Recordcompliancequest_Next_Review_Date_cField1</identifier>
            </fieldInstance>
        </itemInstances>
        <itemInstances>
            <fieldInstance>
                <fieldInstanceProperties>
                    <name>uiBehavior</name>
                    <value>readonly</value>
                </fieldInstanceProperties>
                <fieldItem>Record.compliancequest__Review_Queue_Date__c</fieldItem>
                <identifier>Recordcompliancequest_Review_Queue_Date_cField1</identifier>
            </fieldInstance>
        </itemInstances>
        <name>Facet-c10b834f-ed5b-47fd-9e66-620992718f9a</name>
        <type>Facet</type>
    </flexiPageRegions>
    <flexiPageRegions>
        <itemInstances>
            <componentInstance>
                <componentInstanceProperties>
                    <name>body</name>
                    <value>Facet-d3b7f556-56d5-43d9-8460-08a2a85b6654</value>
                </componentInstanceProperties>
                <componentName>flexipage:column</componentName>
                <identifier>flexipage_column8</identifier>
            </componentInstance>
        </itemInstances>
        <itemInstances>
            <componentInstance>
                <componentInstanceProperties>
                    <name>body</name>
                    <value>Facet-c10b834f-ed5b-47fd-9e66-620992718f9a</value>
                </componentInstanceProperties>
                <componentName>flexipage:column</componentName>
                <identifier>flexipage_column9</identifier>
            </componentInstance>
        </itemInstances>
        <name>Facet-34405f09-3730-4018-8a7c-efce4dacb397</name>
        <type>Facet</type>
    </flexiPageRegions>
    <flexiPageRegions>
        <itemInstances>
            <fieldInstance>
                <fieldInstanceProperties>
                    <name>uiBehavior</name>
                    <value>readonly</value>
                </fieldInstanceProperties>
                <fieldItem>Record.Name</fieldItem>
                <identifier>RecordNameField1</identifier>
            </fieldInstance>
        </itemInstances>
        <itemInstances>
            <fieldInstance>
                <fieldInstanceProperties>
                    <name>uiBehavior</name>
                    <value>none</value>
                </fieldInstanceProperties>
                <fieldItem>Record.RecordTypeId</fieldItem>
                <identifier>RecordRecordTypeIdField1</identifier>
            </fieldInstance>
        </itemInstances>
        <itemInstances>
            <fieldInstance>
                <fieldInstanceProperties>
                    <name>uiBehavior</name>
                    <value>none</value>
                </fieldInstanceProperties>
                <fieldItem>Record.compliancequest__Batch_Job_Status__c</fieldItem>
                <identifier>Recordcompliancequest_Batch_Job_Status_cField1</identifier>
            </fieldInstance>
        </itemInstances>
        <name>Facet-3fa334ca-1424-47d6-a807-41f8d4a003d1</name>
        <type>Facet</type>
    </flexiPageRegions>
    <flexiPageRegions>
        <itemInstances>
            <fieldInstance>
                <fieldInstanceProperties>
                    <name>uiBehavior</name>
                    <value>readonly</value>
                </fieldInstanceProperties>
                <fieldItem>Record.LastModifiedById</fieldItem>
                <identifier>RecordLastModifiedByIdField1</identifier>
            </fieldInstance>
        </itemInstances>
        <itemInstances>
            <fieldInstance>
                <fieldInstanceProperties>
                    <name>uiBehavior</name>
                    <value>readonly</value>
                </fieldInstanceProperties>
                <fieldItem>Record.CreatedById</fieldItem>
                <identifier>RecordCreatedByIdField1</identifier>
            </fieldInstance>
        </itemInstances>
        <itemInstances>
            <fieldInstance>
                <fieldInstanceProperties>
                    <name>uiBehavior</name>
                    <value>none</value>
                </fieldInstanceProperties>
                <fieldItem>Record.compliancequest__Batch_Job_Error__c</fieldItem>
                <identifier>Recordcompliancequest_Batch_Job_Error_cField1</identifier>
            </fieldInstance>
        </itemInstances>
        <name>Facet-9d7ebbe7-d089-49f5-bd13-312b7a51f205</name>
        <type>Facet</type>
    </flexiPageRegions>
    <flexiPageRegions>
        <itemInstances>
            <componentInstance>
                <componentInstanceProperties>
                    <name>body</name>
                    <value>Facet-3fa334ca-1424-47d6-a807-41f8d4a003d1</value>
                </componentInstanceProperties>
                <componentName>flexipage:column</componentName>
                <identifier>flexipage_column10</identifier>
            </componentInstance>
        </itemInstances>
        <itemInstances>
            <componentInstance>
                <componentInstanceProperties>
                    <name>body</name>
                    <value>Facet-9d7ebbe7-d089-49f5-bd13-312b7a51f205</value>
                </componentInstanceProperties>
                <componentName>flexipage:column</componentName>
                <identifier>flexipage_column11</identifier>
            </componentInstance>
        </itemInstances>
        <name>Facet-e65e34ac-5e57-4a8b-b34d-75aee9894ded</name>
        <type>Facet</type>
    </flexiPageRegions>
    <flexiPageRegions>
        <itemInstances>
            <componentInstance>
                <componentInstanceProperties>
                    <name>columns</name>
                    <value>Facet-fcaa254a-661e-43b9-a1cb-4ffc6f8416f1</value>
                </componentInstanceProperties>
                <componentInstanceProperties>
                    <name>horizontalAlignment</name>
                    <value>false</value>
                </componentInstanceProperties>
                <componentInstanceProperties>
                    <name>label</name>
                    <value>Information</value>
                </componentInstanceProperties>
                <componentName>flexipage:fieldSection</componentName>
                <identifier>flexipage_fieldSection1</identifier>
            </componentInstance>
        </itemInstances>
        <itemInstances>
            <componentInstance>
                <componentInstanceProperties>
                    <name>columns</name>
                    <value>Facet-d277ac95-584d-4624-9d2d-b1b70b7a4d6d</value>
                </componentInstanceProperties>
                <componentInstanceProperties>
                    <name>horizontalAlignment</name>
                    <value>false</value>
                </componentInstanceProperties>
                <componentInstanceProperties>
                    <name>label</name>
                    <value>Product Information</value>
                </componentInstanceProperties>
                <componentName>flexipage:fieldSection</componentName>
                <identifier>flexipage_fieldSection2</identifier>
                <visibilityRule>
                    <criteria>
                        <leftValue>{!Record.RecordType.DeveloperName}</leftValue>
                        <operator>EQUAL</operator>
                        <rightValue>Inspection_Criteria</rightValue>
                    </criteria>
                </visibilityRule>
            </componentInstance>
        </itemInstances>
        <itemInstances>
            <componentInstance>
                <componentInstanceProperties>
                    <name>columns</name>
                    <value>Facet-7ddb546f-25c5-4c70-96c5-53558215e616</value>
                </componentInstanceProperties>
                <componentInstanceProperties>
                    <name>horizontalAlignment</name>
                    <value>false</value>
                </componentInstanceProperties>
                <componentInstanceProperties>
                    <name>label</name>
                    <value>Ownership</value>
                </componentInstanceProperties>
                <componentName>flexipage:fieldSection</componentName>
                <identifier>flexipage_fieldSection3</identifier>
            </componentInstance>
        </itemInstances>
        <itemInstances>
            <componentInstance>
                <componentInstanceProperties>
                    <name>columns</name>
                    <value>Facet-6245fe6d-2b79-4a3b-aaa1-9622043cbf34</value>
                </componentInstanceProperties>
                <componentInstanceProperties>
                    <name>horizontalAlignment</name>
                    <value>false</value>
                </componentInstanceProperties>
                <componentInstanceProperties>
                    <name>label</name>
                    <value>Change</value>
                </componentInstanceProperties>
                <componentName>flexipage:fieldSection</componentName>
                <identifier>flexipage_fieldSection4</identifier>
            </componentInstance>
        </itemInstances>
        <itemInstances>
            <componentInstance>
                <componentInstanceProperties>
                    <name>columns</name>
                    <value>Facet-34405f09-3730-4018-8a7c-efce4dacb397</value>
                </componentInstanceProperties>
                <componentInstanceProperties>
                    <name>horizontalAlignment</name>
                    <value>false</value>
                </componentInstanceProperties>
                <componentInstanceProperties>
                    <name>label</name>
                    <value>Review and Training Policy</value>
                </componentInstanceProperties>
                <componentName>flexipage:fieldSection</componentName>
                <identifier>flexipage_fieldSection5</identifier>
            </componentInstance>
        </itemInstances>
        <itemInstances>
            <componentInstance>
                <componentInstanceProperties>
                    <name>columns</name>
                    <value>Facet-e65e34ac-5e57-4a8b-b34d-75aee9894ded</value>
                </componentInstanceProperties>
                <componentInstanceProperties>
                    <name>horizontalAlignment</name>
                    <value>false</value>
                </componentInstanceProperties>
                <componentInstanceProperties>
                    <name>label</name>
                    <value>System Information</value>
                </componentInstanceProperties>
                <componentName>flexipage:fieldSection</componentName>
                <identifier>flexipage_fieldSection6</identifier>
            </componentInstance>
        </itemInstances>
        <itemInstances>
            <componentInstance>
                <componentName>force:recordDetailPanelMobile</componentName>
                <identifier>force_recordDetailPanelMobile1</identifier>
            </componentInstance>
        </itemInstances>
        <name>Facet-3d388b1b-96f5-4b14-83b1-9f3d4d04846a</name>
        <type>Facet</type>
    </flexiPageRegions>
    <flexiPageRegions>
        <itemInstances>
            <componentInstance>
                <componentInstanceProperties>
                    <name>parentFieldApiName</name>
                    <value>compliancequest__SQX_Controlled_Document__c.Id</value>
                </componentInstanceProperties>
                <componentInstanceProperties>
                    <name>relatedListApiName</name>
                    <value>compliancequest__SQX_Distribution_Trackings__r</value>
                </componentInstanceProperties>
                <componentInstanceProperties>
                    <name>relatedListComponentOverride</name>
                    <value>ADVGRID</value>
                </componentInstanceProperties>
                <componentInstanceProperties>
                    <name>rowsToDisplay</name>
                    <value>10</value>
                </componentInstanceProperties>
                <componentInstanceProperties>
                    <name>showActionBar</name>
                    <value>true</value>
                </componentInstanceProperties>
                <componentName>force:relatedListSingleContainer</componentName>
                <identifier>force_relatedListSingleContainer</identifier>
            </componentInstance>
        </itemInstances>
        <itemInstances>
            <componentInstance>
                <componentInstanceProperties>
                    <name>parentFieldApiName</name>
                    <value>compliancequest__SQX_Controlled_Document__c.Id</value>
                </componentInstanceProperties>
                <componentInstanceProperties>
                    <name>relatedListApiName</name>
                    <value>compliancequest__SQX_PersonnelDocumentTrainings__r</value>
                </componentInstanceProperties>
                <componentInstanceProperties>
                    <name>relatedListComponentOverride</name>
                    <value>ADVGRID</value>
                </componentInstanceProperties>
                <componentInstanceProperties>
                    <name>rowsToDisplay</name>
                    <value>10</value>
                </componentInstanceProperties>
                <componentInstanceProperties>
                    <name>showActionBar</name>
                    <value>true</value>
                </componentInstanceProperties>
                <componentName>force:relatedListSingleContainer</componentName>
                <identifier>force_relatedListSingleContainer2</identifier>
            </componentInstance>
        </itemInstances>
        <itemInstances>
            <componentInstance>
                <componentInstanceProperties>
                    <name>parentFieldApiName</name>
                    <value>compliancequest__SQX_Controlled_Document__c.Id</value>
                </componentInstanceProperties>
                <componentInstanceProperties>
                    <name>relatedListApiName</name>
                    <value>compliancequest__SQX_Requirements__r</value>
                </componentInstanceProperties>
                <componentInstanceProperties>
                    <name>relatedListComponentOverride</name>
                    <value>ADVGRID</value>
                </componentInstanceProperties>
                <componentInstanceProperties>
                    <name>rowsToDisplay</name>
                    <value>10</value>
                </componentInstanceProperties>
                <componentInstanceProperties>
                    <name>showActionBar</name>
                    <value>true</value>
                </componentInstanceProperties>
                <componentName>force:relatedListSingleContainer</componentName>
                <identifier>force_relatedListSingleContainer3</identifier>
            </componentInstance>
        </itemInstances>
        <name>Facet-8fc5e27e-96e1-4080-a203-f96228da36cd</name>
        <type>Facet</type>
    </flexiPageRegions>
    <flexiPageRegions>
        <itemInstances>
            <componentInstance>
                <componentInstanceProperties>
                    <name>gridType</name>
                    <value>Standard</value>
                </componentInstanceProperties>
                <componentInstanceProperties>
                    <name>maxColumns</name>
                    <value>6</value>
                </componentInstanceProperties>
                <componentInstanceProperties>
                    <name>maxRows</name>
                    <value>8</value>
                </componentInstanceProperties>
                <componentName>cqext:cquiControlledDocumentRelatedDocumentGrid</componentName>
                <identifier>cquiControlledDocumentRelatedDocumentGrid</identifier>
            </componentInstance>
        </itemInstances>
        <itemInstances>
            <componentInstance>
                <componentInstanceProperties>
                    <name>parentFieldApiName</name>
                    <value>compliancequest__SQX_Controlled_Document__c.Id</value>
                </componentInstanceProperties>
                <componentInstanceProperties>
                    <name>relatedListApiName</name>
                    <value>compliancequest__Related_Documents__r</value>
                </componentInstanceProperties>
                <componentInstanceProperties>
                    <name>relatedListComponentOverride</name>
                    <value>NONE</value>
                </componentInstanceProperties>
                <componentInstanceProperties>
                    <name>rowsToDisplay</name>
                    <value>10</value>
                </componentInstanceProperties>
                <componentInstanceProperties>
                    <name>showActionBar</name>
                    <value>true</value>
                </componentInstanceProperties>
                <componentName>force:relatedListSingleContainer</componentName>
                <identifier>force_relatedListSingleContainer4</identifier>
            </componentInstance>
        </itemInstances>
        <itemInstances>
            <componentInstance>
                <componentInstanceProperties>
                    <name>parentFieldApiName</name>
                    <value>compliancequest__SQX_Controlled_Document__c.Id</value>
                </componentInstanceProperties>
                <componentInstanceProperties>
                    <name>relatedListApiName</name>
                    <value>CQ_CCC_SQX_Components__r</value>
                </componentInstanceProperties>
                <componentInstanceProperties>
                    <name>relatedListComponentOverride</name>
                    <value>NONE</value>
                </componentInstanceProperties>
                <componentInstanceProperties>
                    <name>rowsToDisplay</name>
                    <value>10</value>
                </componentInstanceProperties>
                <componentInstanceProperties>
                    <name>showActionBar</name>
                    <value>true</value>
                </componentInstanceProperties>
                <componentName>force:relatedListSingleContainer</componentName>
                <identifier>force_relatedListSingleContainer1</identifier>
                <visibilityRule>
                    <criteria>
                        <leftValue>{!Record.RecordType.Name}</leftValue>
                        <operator>EQUAL</operator>
                        <rightValue>Inspection Criteria</rightValue>
                    </criteria>
                </visibilityRule>
            </componentInstance>
        </itemInstances>
        <itemInstances>
            <componentInstance>
                <componentInstanceProperties>
                    <name>gridType</name>
                    <value>Standard</value>
                </componentInstanceProperties>
                <componentInstanceProperties>
                    <name>maxColumns</name>
                    <value>6</value>
                </componentInstanceProperties>
                <componentInstanceProperties>
                    <name>maxRows</name>
                    <value>8</value>
                </componentInstanceProperties>
                <componentName>cquiCccSpecificationGrid</componentName>
                <identifier>c_cquiCccSpecificationGrid1</identifier>
                <visibilityRule>
                    <criteria>
                        <leftValue>{!Record.compliancequest__Record_Type_Developer_Name__c}</leftValue>
                        <operator>EQUAL</operator>
                        <rightValue>Inspection_Criteria</rightValue>
                    </criteria>
                </visibilityRule>
            </componentInstance>
        </itemInstances>
        <name>Facet-b88eacbf-6805-4883-b3e4-7c78deffb075</name>
        <type>Facet</type>
    </flexiPageRegions>
    <flexiPageRegions>
        <itemInstances>
            <componentInstance>
                <componentInstanceProperties>
                    <name>parentFieldApiName</name>
                    <value>compliancequest__SQX_Controlled_Document__c.Id</value>
                </componentInstanceProperties>
                <componentInstanceProperties>
                    <name>relatedListApiName</name>
                    <value>compliancequest__SQX_Controlled_Doc_Record_Activities__r</value>
                </componentInstanceProperties>
                <componentInstanceProperties>
                    <name>relatedListComponentOverride</name>
                    <value>NONE</value>
                </componentInstanceProperties>
                <componentInstanceProperties>
                    <name>rowsToDisplay</name>
                    <value>10</value>
                </componentInstanceProperties>
                <componentInstanceProperties>
                    <name>showActionBar</name>
                    <value>true</value>
                </componentInstanceProperties>
                <componentName>force:relatedListSingleContainer</componentName>
                <identifier>force_relatedListSingleContainer5</identifier>
            </componentInstance>
        </itemInstances>
        <itemInstances>
            <componentInstance>
                <componentInstanceProperties>
                    <name>configuration</name>
                    <value>Doc Revision History</value>
                </componentInstanceProperties>
                <componentInstanceProperties>
                    <name>defaultAltFilterOn</name>
                    <value>true</value>
                </componentInstanceProperties>
                <componentInstanceProperties>
                    <name>pageSize</name>
                    <value>25</value>
                </componentInstanceProperties>
                <componentInstanceProperties>
                    <name>rowEditable</name>
                    <value>false</value>
                </componentInstanceProperties>
                <componentInstanceProperties>
                    <name>showEditDeleteLink</name>
                    <value>false</value>
                </componentInstanceProperties>
                <componentInstanceProperties>
                    <name>sortOrder</name>
                    <value>false</value>
                </componentInstanceProperties>
                <componentName>compliancequest:SQX_SObject_Table</componentName>
                <identifier>compliancequest_SQX_SObject_Table</identifier>
            </componentInstance>
        </itemInstances>
        <name>Facet-f0cd4a66-e9e1-4ce9-a3dd-3960e876c236</name>
        <type>Facet</type>
    </flexiPageRegions>
    <flexiPageRegions>
        <itemInstances>
            <componentInstance>
                <componentInstanceProperties>
                    <name>gridType</name>
                    <value>Standard</value>
                </componentInstanceProperties>
                <componentInstanceProperties>
                    <name>maxColumns</name>
                    <value>6</value>
                </componentInstanceProperties>
                <componentInstanceProperties>
                    <name>maxRows</name>
                    <value>8</value>
                </componentInstanceProperties>
                <componentName>cqext:cquiControlledDocumentApprovalGrid</componentName>
                <identifier>cquiControlledDocumentApprovalGrid</identifier>
            </componentInstance>
        </itemInstances>
        <itemInstances>
            <componentInstance>
                <componentInstanceProperties>
                    <name>configuration</name>
                    <value>Approval</value>
                </componentInstanceProperties>
                <componentInstanceProperties>
                    <name>defaultAltFilterOn</name>
                    <value>true</value>
                </componentInstanceProperties>
                <componentInstanceProperties>
                    <name>pageSize</name>
                    <value>25</value>
                </componentInstanceProperties>
                <componentInstanceProperties>
                    <name>rowEditable</name>
                    <value>false</value>
                </componentInstanceProperties>
                <componentInstanceProperties>
                    <name>showEditDeleteLink</name>
                    <value>false</value>
                </componentInstanceProperties>
                <componentInstanceProperties>
                    <name>sortOrder</name>
                    <value>false</value>
                </componentInstanceProperties>
                <componentName>compliancequest:SQX_SObject_Table</componentName>
                <identifier>compliancequest_SQX_SObject_Table2</identifier>
            </componentInstance>
        </itemInstances>
        <name>Facet-3e994efe-340e-4ab6-89ba-dfd84a2a6359</name>
        <type>Facet</type>
    </flexiPageRegions>
    <flexiPageRegions>
        <itemInstances>
            <componentInstance>
                <componentInstanceProperties>
                    <name>active</name>
                    <value>true</value>
                </componentInstanceProperties>
                <componentInstanceProperties>
                    <name>body</name>
                    <value>Facet-3d388b1b-96f5-4b14-83b1-9f3d4d04846a</value>
                </componentInstanceProperties>
                <componentInstanceProperties>
                    <name>title</name>
                    <value>Standard.Tab.detail</value>
                </componentInstanceProperties>
                <componentName>flexipage:tab</componentName>
                <identifier>detailTab</identifier>
            </componentInstance>
        </itemInstances>
        <itemInstances>
            <componentInstance>
                <componentInstanceProperties>
                    <name>body</name>
                    <value>Facet-8fc5e27e-96e1-4080-a203-f96228da36cd</value>
                </componentInstanceProperties>
                <componentInstanceProperties>
                    <name>title</name>
                    <value>Training</value>
                </componentInstanceProperties>
                <componentName>flexipage:tab</componentName>
                <identifier>customTab</identifier>
            </componentInstance>
        </itemInstances>
        <itemInstances>
            <componentInstance>
                <componentInstanceProperties>
                    <name>body</name>
                    <value>Facet-b88eacbf-6805-4883-b3e4-7c78deffb075</value>
                </componentInstanceProperties>
                <componentInstanceProperties>
                    <name>title</name>
                    <value>References</value>
                </componentInstanceProperties>
                <componentName>flexipage:tab</componentName>
                <identifier>customTab2</identifier>
            </componentInstance>
        </itemInstances>
        <itemInstances>
            <componentInstance>
                <componentInstanceProperties>
                    <name>body</name>
                    <value>Facet-f0cd4a66-e9e1-4ce9-a3dd-3960e876c236</value>
                </componentInstanceProperties>
                <componentInstanceProperties>
                    <name>title</name>
                    <value>History</value>
                </componentInstanceProperties>
                <componentName>flexipage:tab</componentName>
                <identifier>customTab3</identifier>
            </componentInstance>
        </itemInstances>
        <itemInstances>
            <componentInstance>
                <componentInstanceProperties>
                    <name>body</name>
                    <value>Facet-3e994efe-340e-4ab6-89ba-dfd84a2a6359</value>
                </componentInstanceProperties>
                <componentInstanceProperties>
                    <name>title</name>
                    <value>Workflow</value>
                </componentInstanceProperties>
                <componentName>flexipage:tab</componentName>
                <identifier>customTab4</identifier>
            </componentInstance>
        </itemInstances>
        <name>Facet-c1ac8a7e-4c64-4f20-8b59-876654d4e19a</name>
        <type>Facet</type>
    </flexiPageRegions>
    <flexiPageRegions>
        <itemInstances>
            <componentInstance>
                <componentName>cqcollab:CQDE_Office365_Collaboration_View</componentName>
                <identifier>cqcollab_CQDE_Office365_Collaboration_View</identifier>
            </componentInstance>
        </itemInstances>
        <itemInstances>
            <componentInstance>
                <componentInstanceProperties>
                    <name>tabs</name>
                    <value>Facet-c1ac8a7e-4c64-4f20-8b59-876654d4e19a</value>
                </componentInstanceProperties>
                <componentName>flexipage:tabset</componentName>
                <identifier>flexipage_tabset</identifier>
            </componentInstance>
        </itemInstances>
        <name>main</name>
        <type>Region</type>
    </flexiPageRegions>
    <flexiPageRegions>
        <itemInstances>
            <componentInstance>
                <componentName>compliancequest:SQX_Controlled_Document_Preview</componentName>
                <identifier>compliancequest_SQX_Controlled_Document_Preview</identifier>
                <visibilityRule>
                    <booleanFilter>1 AND ( 2 OR 3 OR 4 ) AND 5</booleanFilter>
                    <criteria>
                        <leftValue>{!Record.compliancequest__Is_Scorm_Content__c}</leftValue>
                        <operator>EQUAL</operator>
                        <rightValue>false</rightValue>
                    </criteria>
                    <criteria>
                        <leftValue>{!Record.RecordType.DeveloperName}</leftValue>
                        <operator>EQUAL</operator>
                        <rightValue>Controlled_Document</rightValue>
                    </criteria>
                    <criteria>
                        <leftValue>{!Record.RecordType.DeveloperName}</leftValue>
                        <operator>EQUAL</operator>
                        <rightValue>Course</rightValue>
                    </criteria>
                    <criteria>
                        <leftValue>{!Record.RecordType.DeveloperName}</leftValue>
                        <operator>EQUAL</operator>
                        <rightValue>Template_Document</rightValue>
                    </criteria>
                    <criteria>
                        <leftValue>{!Record.compliancequest__Valid_Content_Reference__c}</leftValue>
                        <operator>NE</operator>
                    </criteria>
                </visibilityRule>
            </componentInstance>
        </itemInstances>
        <itemInstances>
            <componentInstance>
                <componentName>compliancequest:SQX_Controlled_Doc_Scorm_Preview</componentName>
                <identifier>compliancequest_SQX_Controlled_Doc_Scorm_Preview</identifier>
                <visibilityRule>
                    <booleanFilter>1 AND 2</booleanFilter>
                    <criteria>
                        <leftValue>{!Record.compliancequest__Is_Scorm_Content__c}</leftValue>
                        <operator>EQUAL</operator>
                        <rightValue>true</rightValue>
                    </criteria>
                    <criteria>
                        <leftValue>{!Record.compliancequest__Valid_Content_Reference__c}</leftValue>
                        <operator>NE</operator>
                    </criteria>
                </visibilityRule>
            </componentInstance>
        </itemInstances>
        <name>Facet-2fb93ab0-997e-447f-83a1-af73fb49a449</name>
        <type>Facet</type>
    </flexiPageRegions>
    <flexiPageRegions>
        <itemInstances>
            <componentInstance>
                <componentInstanceProperties>
                    <name>active</name>
                    <value>true</value>
                </componentInstanceProperties>
                <componentInstanceProperties>
                    <name>body</name>
                    <value>Facet-2fb93ab0-997e-447f-83a1-af73fb49a449</value>
                </componentInstanceProperties>
                <componentInstanceProperties>
                    <name>title</name>
                    <value>Content</value>
                </componentInstanceProperties>
                <componentName>flexipage:tab</componentName>
                <identifier>customTab5</identifier>
            </componentInstance>
        </itemInstances>
        <name>Facet-465e4652-0678-43a0-87f5-a46b882f4387</name>
        <type>Facet</type>
    </flexiPageRegions>
    <flexiPageRegions>
        <itemInstances>
            <componentInstance>
                <componentInstanceProperties>
                    <name>showLegacyActivityComposer</name>
                    <value>false</value>
                </componentInstanceProperties>
                <componentName>runtime_sales_activities:activityPanel</componentName>
                <identifier>runtime_sales_activities_activityPanel</identifier>
            </componentInstance>
        </itemInstances>
        <name>Facet-65b2b586-935f-49a8-9729-7d8a78e89b91</name>
        <type>Facet</type>
    </flexiPageRegions>
    <flexiPageRegions>
        <itemInstances>
            <componentInstance>
                <componentName>forceChatter:recordFeedContainer</componentName>
                <identifier>forceChatter_recordFeedContainer</identifier>
            </componentInstance>
        </itemInstances>
        <name>Facet-16f49097-08e9-4bb9-810c-244df1a16057</name>
        <type>Facet</type>
    </flexiPageRegions>
    <flexiPageRegions>
        <itemInstances>
            <componentInstance>
                <componentInstanceProperties>
                    <name>parentFieldApiName</name>
                    <value>compliancequest__SQX_Controlled_Document__c.Id</value>
                </componentInstanceProperties>
                <componentInstanceProperties>
                    <name>relatedListApiName</name>
                    <value>AttachedContentDocuments</value>
                </componentInstanceProperties>
                <componentInstanceProperties>
                    <name>relatedListComponentOverride</name>
                    <value>NONE</value>
                </componentInstanceProperties>
                <componentInstanceProperties>
                    <name>rowsToDisplay</name>
                    <value>10</value>
                </componentInstanceProperties>
                <componentInstanceProperties>
                    <name>showActionBar</name>
                    <value>true</value>
                </componentInstanceProperties>
                <componentName>force:relatedListSingleContainer</componentName>
                <identifier>force_relatedListSingleContainer6</identifier>
            </componentInstance>
        </itemInstances>
        <itemInstances>
            <componentInstance>
                <componentInstanceProperties>
                    <name>parentFieldApiName</name>
                    <value>compliancequest__SQX_Controlled_Document__c.Id</value>
                </componentInstanceProperties>
                <componentInstanceProperties>
                    <name>relatedListApiName</name>
                    <value>AttachedContentNotes</value>
                </componentInstanceProperties>
                <componentInstanceProperties>
                    <name>relatedListComponentOverride</name>
                    <value>NONE</value>
                </componentInstanceProperties>
                <componentInstanceProperties>
                    <name>rowsToDisplay</name>
                    <value>10</value>
                </componentInstanceProperties>
                <componentInstanceProperties>
                    <name>showActionBar</name>
                    <value>true</value>
                </componentInstanceProperties>
                <componentName>force:relatedListSingleContainer</componentName>
                <identifier>force_relatedListSingleContainer7</identifier>
            </componentInstance>
        </itemInstances>
        <name>Facet-96d90663-f8e3-4b92-b63e-afd43a2fcfb3</name>
        <type>Facet</type>
    </flexiPageRegions>
    <flexiPageRegions>
        <itemInstances>
            <componentInstance>
                <componentInstanceProperties>
                    <name>active</name>
                    <value>true</value>
                </componentInstanceProperties>
                <componentInstanceProperties>
                    <name>body</name>
                    <value>Facet-65b2b586-935f-49a8-9729-7d8a78e89b91</value>
                </componentInstanceProperties>
                <componentInstanceProperties>
                    <name>title</name>
                    <value>Standard.Tab.activity</value>
                </componentInstanceProperties>
                <componentName>flexipage:tab</componentName>
                <identifier>activityTab</identifier>
            </componentInstance>
        </itemInstances>
        <itemInstances>
            <componentInstance>
                <componentInstanceProperties>
                    <name>body</name>
                    <value>Facet-16f49097-08e9-4bb9-810c-244df1a16057</value>
                </componentInstanceProperties>
                <componentInstanceProperties>
                    <name>title</name>
                    <value>Standard.Tab.collaborate</value>
                </componentInstanceProperties>
                <componentName>flexipage:tab</componentName>
                <identifier>collaborateTab</identifier>
            </componentInstance>
        </itemInstances>
        <itemInstances>
            <componentInstance>
                <componentInstanceProperties>
                    <name>body</name>
                    <value>Facet-96d90663-f8e3-4b92-b63e-afd43a2fcfb3</value>
                </componentInstanceProperties>
                <componentInstanceProperties>
                    <name>title</name>
                    <value>Notes And Files</value>
                </componentInstanceProperties>
                <componentName>flexipage:tab</componentName>
                <identifier>customTab6</identifier>
            </componentInstance>
        </itemInstances>
        <name>Facet-08a93755-c55c-4bf6-9c18-34c674280e97</name>
        <type>Facet</type>
    </flexiPageRegions>
    <flexiPageRegions>
        <itemInstances>
            <componentInstance>
                <componentName>cqext:cquiControlledDocumentNbaEmbedder</componentName>
                <identifier>cquiControlledDocumentNbaEmbedder</identifier>
            </componentInstance>
        </itemInstances>
        <itemInstances>
            <componentInstance>
                <componentName>cqcollab:CQDE_Office365_Collaboration</componentName>
                <identifier>cqcollab_CQDE_Office365_Collaboration</identifier>
                <visibilityRule>
                    <booleanFilter>1 AND (2 OR 3) AND 4 AND 5</booleanFilter>
                    <criteria>
                        <leftValue>{!Record.compliancequest__Document_Status__c}</leftValue>
                        <operator>EQUAL</operator>
                        <rightValue>Draft</rightValue>
                    </criteria>
                    <criteria>
                        <leftValue>{!Record.RecordType.DeveloperName}</leftValue>
                        <operator>EQUAL</operator>
                        <rightValue>Controlled_Document</rightValue>
                    </criteria>
                    <criteria>
                        <leftValue>{!Record.RecordType.DeveloperName}</leftValue>
                        <operator>EQUAL</operator>
                        <rightValue>Template_Document</rightValue>
                    </criteria>
                    <criteria>
                        <leftValue>{!Record.compliancequest__Approval_Status__c}</leftValue>
                        <operator>NE</operator>
                        <rightValue>Release Approval</rightValue>
                    </criteria>
                    <criteria>
                        <leftValue>{!Record.compliancequest__Approval_Status__c}</leftValue>
                        <operator>NE</operator>
                        <rightValue>In Change Approval</rightValue>
                    </criteria>
                </visibilityRule>
            </componentInstance>
        </itemInstances>
        <itemInstances>
            <componentInstance>
                <componentName>compliancequest:SQX_Ctrl_Doc_Collaboration</componentName>
                <identifier>compliancequest_SQX_Ctrl_Doc_Collaboration</identifier>
                <visibilityRule>
                    <booleanFilter>1 AND (2 OR 3) AND 4 AND 5</booleanFilter>
                    <criteria>
                        <leftValue>{!Record.compliancequest__Document_Status__c}</leftValue>
                        <operator>EQUAL</operator>
                        <rightValue>Draft</rightValue>
                    </criteria>
                    <criteria>
                        <leftValue>{!Record.RecordType.DeveloperName}</leftValue>
                        <operator>EQUAL</operator>
                        <rightValue>Controlled_Document</rightValue>
                    </criteria>
                    <criteria>
                        <leftValue>{!Record.RecordType.DeveloperName}</leftValue>
                        <operator>EQUAL</operator>
                        <rightValue>Template_Document</rightValue>
                    </criteria>
                    <criteria>
                        <leftValue>{!Record.compliancequest__Approval_Status__c}</leftValue>
                        <operator>NE</operator>
                        <rightValue>Release Approval</rightValue>
                    </criteria>
                    <criteria>
                        <leftValue>{!Record.compliancequest__Approval_Status__c}</leftValue>
                        <operator>NE</operator>
                        <rightValue>In Change Approval</rightValue>
                    </criteria>
                </visibilityRule>
            </componentInstance>
        </itemInstances>
        <itemInstances>
            <componentInstance>
                <componentName>cqCccViewSecContentForObsoleteDoc</componentName>
                <identifier>cqCccViewSecContentForObsoleteDoc</identifier>
                <visibilityRule>
                    <booleanFilter>1 AND 2 AND 3 AND 4</booleanFilter>
                    <criteria>
                        <leftValue>{!Record.compliancequest__Document_Status__c}</leftValue>
                        <operator>EQUAL</operator>
                        <rightValue>Obsolete</rightValue>
                    </criteria>
                    <criteria>
                        <leftValue>{!$Permission.CustomPermission.CQ_CCC_Obsolete_Doc_Content_Viewer_Permission}</leftValue>
                        <operator>EQUAL</operator>
                        <rightValue>true</rightValue>
                    </criteria>
                    <criteria>
                        <leftValue>{!Record.compliancequest__Valid_Content_Reference__c}</leftValue>
                        <operator>NE</operator>
                    </criteria>
                    <criteria>
                        <leftValue>{!Record.compliancequest__Secondary_Content__c}</leftValue>
                        <operator>NE</operator>
                        <rightValue>Disabled</rightValue>
                    </criteria>
                </visibilityRule>
            </componentInstance>
        </itemInstances>
        <itemInstances>
            <componentInstance>
                <componentName>cqCccViewPrimaryContentForObsoleteDoc</componentName>
                <identifier>cqCccViewPrimaryContentForObsoleteDoc</identifier>
                <visibilityRule>
                    <booleanFilter>1 AND 2</booleanFilter>
                    <criteria>
                        <leftValue>{!Record.compliancequest__Document_Status__c}</leftValue>
                        <operator>EQUAL</operator>
                        <rightValue>Obsolete</rightValue>
                    </criteria>
                    <criteria>
                        <leftValue>{!$Permission.CustomPermission.CQ_CCC_Obsolete_Doc_Content_Viewer_Permission}</leftValue>
                        <operator>EQUAL</operator>
                        <rightValue>true</rightValue>
                    </criteria>
                </visibilityRule>
            </componentInstance>
        </itemInstances>
        <itemInstances>
            <componentInstance>
                <componentInstanceProperties>
                    <name>tabs</name>
                    <value>Facet-465e4652-0678-43a0-87f5-a46b882f4387</value>
                </componentInstanceProperties>
                <componentName>flexipage:tabset</componentName>
                <identifier>flexipage_tabset2</identifier>
                <visibilityRule>
                    <booleanFilter>1 OR 2 OR 3</booleanFilter>
                    <criteria>
                        <leftValue>{!Record.RecordType.DeveloperName}</leftValue>
                        <operator>EQUAL</operator>
                        <rightValue>Controlled_Document</rightValue>
                    </criteria>
                    <criteria>
                        <leftValue>{!Record.RecordType.DeveloperName}</leftValue>
                        <operator>EQUAL</operator>
                        <rightValue>Course</rightValue>
                    </criteria>
                    <criteria>
                        <leftValue>{!Record.RecordType.DeveloperName}</leftValue>
                        <operator>EQUAL</operator>
                        <rightValue>Template_Document</rightValue>
                    </criteria>
                </visibilityRule>
            </componentInstance>
        </itemInstances>
        <itemInstances>
            <componentInstance>
                <componentInstanceProperties>
                    <name>tabs</name>
                    <value>Facet-08a93755-c55c-4bf6-9c18-34c674280e97</value>
                </componentInstanceProperties>
                <componentName>flexipage:tabset</componentName>
                <identifier>flexipage_tabset3</identifier>
            </componentInstance>
        </itemInstances>
        <name>sidebar</name>
        <type>Region</type>
    </flexiPageRegions>
    <masterLabel>CQUI CCC Inspection Criteria Controlled Document Record Page Desktop</masterLabel>
    <sobjectType>compliancequest__SQX_Controlled_Document__c</sobjectType>
    <template>
        <name>flexipage:recordHomeTemplateDesktop</name>
    </template>
    <type>RecordPage</type>
</FlexiPage>
