<?xml version="1.0" encoding="UTF-8"?>
<CustomField xmlns="http://soap.sforce.com/2006/04/metadata">
    <fullName>CQ_CCC_AQL__c</fullName>
    <description>This picklist field represents AQL</description>
    <externalId>false</externalId>
    <label>AQL</label>
    <required>false</required>
    <trackHistory>false</trackHistory>
    <trackTrending>false</trackTrending>
    <type>Picklist</type>
    <valueSet>
        <restricted>true</restricted>
        <valueSetDefinition>
            <sorted>false</sorted>
            <value>
                <fullName>0.065</fullName>
                <default>false</default>
                <label>0.065</label>
            </value>
            <value>
                <fullName>0.10</fullName>
                <default>false</default>
                <label>0.10</label>
            </value>
            <value>
                <fullName>0.15</fullName>
                <default>false</default>
                <label>0.15</label>
            </value>
            <value>
                <fullName>0.25</fullName>
                <default>false</default>
                <label>0.25</label>
            </value>
            <value>
                <fullName>0.40</fullName>
                <default>false</default>
                <label>0.40</label>
            </value>
            <value>
                <fullName>0.65</fullName>
                <default>false</default>
                <label>0.65</label>
            </value>
            <value>
                <fullName>1.00</fullName>
                <default>false</default>
                <label>1.00</label>
            </value>
            <value>
                <fullName>1.50</fullName>
                <default>false</default>
                <label>1.50</label>
            </value>
            <value>
                <fullName>2.50</fullName>
                <default>false</default>
                <label>2.50</label>
            </value>
            <value>
                <fullName>4.00</fullName>
                <default>false</default>
                <label>4.00</label>
            </value>
            <value>
                <fullName>6.50</fullName>
                <default>false</default>
                <label>6.50</label>
            </value>
            <value>
                <fullName>10.00</fullName>
                <default>false</default>
                <label>10.00</label>
            </value>
            <value>
                <fullName>15.00</fullName>
                <default>false</default>
                <label>15.00</label>
            </value>
        </valueSetDefinition>
    </valueSet>
</CustomField>
