<?xml version="1.0" encoding="UTF-8"?>
<CustomField xmlns="http://soap.sforce.com/2006/04/metadata">
    <fullName>CQ_CCC_SQX_Sampling_Plan_Type__c</fullName>
    <description>Sampling plan type master-detail</description>
    <externalId>false</externalId>
    <label>Sampling Plan Type</label>
    <referenceTo>CQ_CCC_Sampling_Plan_type__c</referenceTo>
    <relationshipLabel>Sampling Plan Definitions</relationshipLabel>
    <relationshipName>CQ_CCC_SQX_Sampling_Plan_Defin_type</relationshipName>
    <relationshipOrder>0</relationshipOrder>
    <reparentableMasterDetail>false</reparentableMasterDetail>
    <trackTrending>false</trackTrending>
    <type>MasterDetail</type>
    <writeRequiresMasterRead>false</writeRequiresMasterRead>
</CustomField>
