<?xml version="1.0" encoding="UTF-8"?>
<CustomField xmlns="http://soap.sforce.com/2006/04/metadata">
    <fullName>CQ_CCC_Quantity__c</fullName>
    <description>Field to store Controlled Document Quantity.</description>
    <externalId>false</externalId>
    <isFilteringDisabled>false</isFilteringDisabled>
    <isNameField>false</isNameField>
    <isSortingDisabled>false</isSortingDisabled>
    <label>Quantity</label>
    <precision>18</precision>
    <required>true</required>
    <scale>0</scale>
    <type>Number</type>
    <unique>false</unique>
</CustomField>
