<?xml version="1.0" encoding="UTF-8"?>
<CustomField xmlns="http://soap.sforce.com/2006/04/metadata">
    <fullName>CQ_CCC_Batch__c</fullName>
    <description>Field to store Controlled Document Batch.</description>
    <externalId>false</externalId>
    <isFilteringDisabled>false</isFilteringDisabled>
    <isNameField>false</isNameField>
    <isSortingDisabled>false</isSortingDisabled>
    <label>Batch #</label>
    <length>80</length>
    <required>true</required>
    <type>Text</type>
    <unique>false</unique>
</CustomField>
