<?xml version="1.0" encoding="UTF-8"?>
<CustomField xmlns="http://soap.sforce.com/2006/04/metadata">
    <fullName>CQ_CCC_Inspector__c</fullName>
    <description>Field to store Controlled Document Inspector.</description>
    <externalId>false</externalId>
    <isFilteringDisabled>false</isFilteringDisabled>
    <isNameField>false</isNameField>
    <isSortingDisabled>false</isSortingDisabled>
    <label>Inspector</label>
    <length>40</length>
    <required>false</required>
    <type>Text</type>
    <unique>false</unique>
</CustomField>
