<?xml version="1.0" encoding="UTF-8"?>
<CustomField xmlns="http://soap.sforce.com/2006/04/metadata">
    <fullName>CQ_CCC_Document_Id__c</fullName>
    <description>Field to store the Controlled Document Id.</description>
    <externalId>false</externalId>
    <isFilteringDisabled>false</isFilteringDisabled>
    <isNameField>false</isNameField>
    <isSortingDisabled>false</isSortingDisabled>
    <label>Document Id</label>
    <length>40</length>
    <required>true</required>
    <type>Text</type>
    <unique>false</unique>
</CustomField>
