<?xml version="1.0" encoding="UTF-8"?>
<CustomMetadata xmlns="http://soap.sforce.com/2006/04/metadata" xmlns:xsi="http://www.w3.org/2001/XMLSchema-instance" xmlns:xsd="http://www.w3.org/2001/XMLSchema">
    <label>CQUI Ccc Specification Edit</label>
    <protected>false</protected>
    <values>
        <field>compliancequest__Action__c</field>
        <value xsi:type="xsd:string">edit</value>
    </values>
    <values>
        <field>compliancequest__Object_Api_Name__c</field>
        <value xsi:type="xsd:string">compliancequest__SQX_Specification__c</value>
    </values>
    <values>
        <field>compliancequest__Order__c</field>
        <value xsi:nil="true"/>
    </values>
    <values>
        <field>compliancequest__Override_Component_Name__c</field>
        <value xsi:type="xsd:string">cquiCCCSpecificationEdit</value>
    </values>
    <values>
        <field>compliancequest__Override_Component_Namespace__c</field>
        <value xsi:type="xsd:string">c</value>
    </values>
    <values>
        <field>compliancequest__Record_Type_Developer_Name__c</field>
        <value xsi:nil="true"/>
    </values>
</CustomMetadata>
