<?xml version="1.0" encoding="UTF-8"?>
<Flow xmlns="http://soap.sforce.com/2006/04/metadata">
    <actionCalls>
        <name>navigateToURL</name>
        <label>navigateToURL</label>
        <locationX>50</locationX>
        <locationY>758</locationY>
        <actionName>c:CQ_CCC_Navigate_To_URL</actionName>
        <actionType>component</actionType>
        <flowTransactionModel>CurrentTransaction</flowTransactionModel>
        <inputParameters>
            <name>batch</name>
            <value>
                <elementReference>Batch</elementReference>
            </value>
        </inputParameters>
        <inputParameters>
            <name>inspector</name>
            <value>
                <elementReference>Inspector</elementReference>
            </value>
        </inputParameters>
        <inputParameters>
            <name>quantity</name>
            <value>
                <elementReference>Quantity</elementReference>
            </value>
        </inputParameters>
        <inputParameters>
            <name>specialNote</name>
            <value>
                <elementReference>Special_note</elementReference>
            </value>
        </inputParameters>
        <inputParameters>
            <name>redirectURL</name>
            <value>
                <elementReference>recordId</elementReference>
            </value>
        </inputParameters>
        <nameSegment>c:CQ_CCC_Navigate_To_URL</nameSegment>
        <storeOutputAutomatically>true</storeOutputAutomatically>
        <versionSegment>1</versionSegment>
    </actionCalls>
    <apiVersion>54.0</apiVersion>
    <assignments>
        <name>Create_Event</name>
        <label>Create Event</label>
        <locationX>50</locationX>
        <locationY>518</locationY>
        <assignmentItems>
            <assignToReference>event.CQ_CCC_Document_Id__c</assignToReference>
            <operator>Assign</operator>
            <value>
                <elementReference>recordId</elementReference>
            </value>
        </assignmentItems>
        <assignmentItems>
            <assignToReference>event.CQ_CCC_Batch__c</assignToReference>
            <operator>Assign</operator>
            <value>
                <elementReference>Batch</elementReference>
            </value>
        </assignmentItems>
        <assignmentItems>
            <assignToReference>event.CQ_CCC_Inspector__c</assignToReference>
            <operator>Assign</operator>
            <value>
                <elementReference>Inspector</elementReference>
            </value>
        </assignmentItems>
        <assignmentItems>
            <assignToReference>event.CQ_CCC_Quantity__c</assignToReference>
            <operator>Assign</operator>
            <value>
                <elementReference>Quantity</elementReference>
            </value>
        </assignmentItems>
        <assignmentItems>
            <assignToReference>event.CQ_CCC_Special_Note__c</assignToReference>
            <operator>Assign</operator>
            <value>
                <elementReference>Special_note</elementReference>
            </value>
        </assignmentItems>
        <connector>
            <targetReference>Raise_Event</targetReference>
        </connector>
    </assignments>
    <decisions>
        <name>Check_Document_Status</name>
        <label>Check Document Status</label>
        <locationX>182</locationX>
        <locationY>398</locationY>
        <defaultConnector>
            <targetReference>Error_Message</targetReference>
        </defaultConnector>
        <defaultConnectorLabel>Default Outcome</defaultConnectorLabel>
        <rules>
            <name>Not_Pre_Expire_Or_Obsolete</name>
            <conditionLogic>or</conditionLogic>
            <conditions>
                <leftValueReference>Get_Controlled_Document.compliancequest__Document_Status__c</leftValueReference>
                <operator>NotEqualTo</operator>
                <rightValue>
                    <stringValue>Pre-Expire</stringValue>
                </rightValue>
            </conditions>
            <conditions>
                <leftValueReference>Get_Controlled_Document.compliancequest__Document_Status__c</leftValueReference>
                <operator>NotEqualTo</operator>
                <rightValue>
                    <stringValue>Obsolete</stringValue>
                </rightValue>
            </conditions>
            <connector>
                <targetReference>Create_Event</targetReference>
            </connector>
            <label>Not Pre Expire Or Obsolete</label>
        </rules>
    </decisions>
    <description>1.This flow is used in Generate Inspection Label Button and calls CQ_CCC_Con_Doc_Generate_Inspection_Label vf page.
2. Platform event is used for updating Controlled Document record.</description>
    <formulas>
        <name>url</name>
        <dataType>String</dataType>
        <expression>{!recordId}</expression>
    </formulas>
    <interviewLabel>CQ CCC Generate Inspection Label Screen Flow {!$Flow.CurrentDateTime}</interviewLabel>
    <label>CQ CCC Generate Inspection Label Screen Flow</label>
    <processMetadataValues>
        <name>BuilderType</name>
        <value>
            <stringValue>LightningFlowBuilder</stringValue>
        </value>
    </processMetadataValues>
    <processMetadataValues>
        <name>CanvasMode</name>
        <value>
            <stringValue>AUTO_LAYOUT_CANVAS</stringValue>
        </value>
    </processMetadataValues>
    <processMetadataValues>
        <name>OriginBuilderType</name>
        <value>
            <stringValue>LightningFlowBuilder</stringValue>
        </value>
    </processMetadataValues>
    <processType>Flow</processType>
    <recordCreates>
        <name>Raise_Event</name>
        <label>Raise Event</label>
        <locationX>50</locationX>
        <locationY>638</locationY>
        <connector>
            <targetReference>navigateToURL</targetReference>
        </connector>
        <inputReference>event</inputReference>
    </recordCreates>
    <recordLookups>
        <name>Get_Controlled_Document</name>
        <label>Get Controlled Document</label>
        <locationX>182</locationX>
        <locationY>278</locationY>
        <assignNullValuesIfNoRecordsFound>false</assignNullValuesIfNoRecordsFound>
        <connector>
            <targetReference>Check_Document_Status</targetReference>
        </connector>
        <filterLogic>and</filterLogic>
        <filters>
            <field>Id</field>
            <operator>EqualTo</operator>
            <value>
                <elementReference>recordId</elementReference>
            </value>
        </filters>
        <getFirstRecordOnly>true</getFirstRecordOnly>
        <object>compliancequest__SQX_Controlled_Document__c</object>
        <queriedFields>Id</queriedFields>
        <queriedFields>compliancequest__Document_Status__c</queriedFields>
        <storeOutputAutomatically>true</storeOutputAutomatically>
    </recordLookups>
    <screens>
        <name>Before_Printing</name>
        <label>Before Printing</label>
        <locationX>182</locationX>
        <locationY>158</locationY>
        <allowBack>false</allowBack>
        <allowFinish>true</allowFinish>
        <allowPause>false</allowPause>
        <connector>
            <targetReference>Get_Controlled_Document</targetReference>
        </connector>
        <fields>
            <name>Quantity</name>
            <dataType>Number</dataType>
            <fieldText>Quantity</fieldText>
            <fieldType>InputField</fieldType>
            <isRequired>true</isRequired>
            <scale>0</scale>
        </fields>
        <fields>
            <name>Special_note</name>
            <dataType>String</dataType>
            <fieldText>Special note</fieldText>
            <fieldType>InputField</fieldType>
            <isRequired>false</isRequired>
        </fields>
        <fields>
            <name>Batch</name>
            <dataType>String</dataType>
            <fieldText>Batch #</fieldText>
            <fieldType>InputField</fieldType>
            <isRequired>true</isRequired>
        </fields>
        <fields>
            <name>Inspector</name>
            <dataType>String</dataType>
            <fieldText>Inspector</fieldText>
            <fieldType>InputField</fieldType>
            <isRequired>false</isRequired>
        </fields>
        <showFooter>true</showFooter>
        <showHeader>true</showHeader>
    </screens>
    <screens>
        <name>Error_Message</name>
        <label>Error Message</label>
        <locationX>314</locationX>
        <locationY>518</locationY>
        <allowBack>false</allowBack>
        <allowFinish>true</allowFinish>
        <allowPause>false</allowPause>
        <fields>
            <name>Error_Message_Text</name>
            <fieldText>&lt;p&gt;&lt;span style=&quot;color: rgb(240, 13, 13); font-size: 14px; background-color: rgb(255, 255, 255);&quot;&gt;Unable to perform action for record stage Obsolete or Pre Expire&lt;/span&gt;&lt;span style=&quot;color: rgb(208, 20, 48); font-size: 14px; background-color: rgb(255, 255, 255);&quot;&gt;.&lt;/span&gt;&lt;/p&gt;</fieldText>
            <fieldType>DisplayText</fieldType>
        </fields>
        <showFooter>true</showFooter>
        <showHeader>false</showHeader>
    </screens>
    <start>
        <locationX>56</locationX>
        <locationY>0</locationY>
        <connector>
            <targetReference>Before_Printing</targetReference>
        </connector>
    </start>
    <status>Active</status>
    <variables>
        <name>event</name>
        <dataType>SObject</dataType>
        <isCollection>false</isCollection>
        <isInput>false</isInput>
        <isOutput>false</isOutput>
        <objectType>CQ_CCC_Inspection_Label_PEvent__e</objectType>
    </variables>
    <variables>
        <name>recordId</name>
        <dataType>String</dataType>
        <isCollection>false</isCollection>
        <isInput>true</isInput>
        <isOutput>false</isOutput>
    </variables>
</Flow>
