<?xml version="1.0" encoding="UTF-8"?>
<Flow xmlns="http://soap.sforce.com/2006/04/metadata">
    <apiVersion>54.0</apiVersion>
    <assignments>
        <name>Assign_Defective_Quantity</name>
        <label>Assign Defective Quantity</label>
        <locationX>50</locationX>
        <locationY>431</locationY>
        <assignmentItems>
            <assignToReference>$Record.compliancequest__Defective_Quantity__c</assignToReference>
            <operator>Assign</operator>
            <value>
                <numberValue>1.0</numberValue>
            </value>
        </assignmentItems>
    </assignments>
    <decisions>
        <name>Check_If_Result_is_Fail</name>
        <label>Check If Result is Fail</label>
        <locationX>182</locationX>
        <locationY>311</locationY>
        <defaultConnectorLabel>Default Outcome</defaultConnectorLabel>
        <rules>
            <name>Result_Fail</name>
            <conditionLogic>(1 OR 2) AND 3</conditionLogic>
            <conditions>
                <leftValueReference>$Record__Prior.compliancequest__Result__c</leftValueReference>
                <operator>IsNull</operator>
                <rightValue>
                    <booleanValue>true</booleanValue>
                </rightValue>
            </conditions>
            <conditions>
                <leftValueReference>$Record__Prior.compliancequest__Result__c</leftValueReference>
                <operator>EqualTo</operator>
                <rightValue>
                    <stringValue>Pass</stringValue>
                </rightValue>
            </conditions>
            <conditions>
                <leftValueReference>$Record.compliancequest__Result__c</leftValueReference>
                <operator>EqualTo</operator>
                <rightValue>
                    <stringValue>Fail</stringValue>
                </rightValue>
            </conditions>
            <connector>
                <targetReference>Assign_Defective_Quantity</targetReference>
            </connector>
            <label>Result Fail</label>
        </rules>
    </decisions>
    <description>1. Assigns the value of OOB defective quantity to 1 when inspection is failed.</description>
    <interviewLabel>CQ CCC Inspection Detail Before Update RT Flow {!$Flow.CurrentDateTime}</interviewLabel>
    <label>CQ CCC Inspection Detail Before Update RT Flow</label>
    <processMetadataValues>
        <name>BuilderType</name>
        <value>
            <stringValue>LightningFlowBuilder</stringValue>
        </value>
    </processMetadataValues>
    <processMetadataValues>
        <name>CanvasMode</name>
        <value>
            <stringValue>AUTO_LAYOUT_CANVAS</stringValue>
        </value>
    </processMetadataValues>
    <processMetadataValues>
        <name>OriginBuilderType</name>
        <value>
            <stringValue>LightningFlowBuilder</stringValue>
        </value>
    </processMetadataValues>
    <processType>AutoLaunchedFlow</processType>
    <start>
        <locationX>56</locationX>
        <locationY>0</locationY>
        <connector>
            <targetReference>Check_If_Result_is_Fail</targetReference>
        </connector>
        <object>compliancequest__SQX_Inspection_Detail__c</object>
        <recordTriggerType>Update</recordTriggerType>
        <triggerType>RecordBeforeSave</triggerType>
    </start>
    <status>Active</status>
</Flow>
