<?xml version="1.0" encoding="UTF-8"?>
<Flow xmlns="http://soap.sforce.com/2006/04/metadata">
    <actionCalls>
        <name>Evaluate_Inspection_Detail_Result</name>
        <label>Evaluate Inspection Detail Result</label>
        <locationX>578</locationX>
        <locationY>575</locationY>
        <actionName>CQ_CCC_Inspection_Result_Calculator</actionName>
        <actionType>apex</actionType>
        <connector>
            <targetReference>Disable_Calculate_Result_Flag</targetReference>
        </connector>
        <flowTransactionModel>CurrentTransaction</flowTransactionModel>
        <inputParameters>
            <name>inspectionIds</name>
            <value>
                <elementReference>$Record.Id</elementReference>
            </value>
        </inputParameters>
        <nameSegment>CQ_CCC_Inspection_Result_Calculator</nameSegment>
        <versionSegment>1</versionSegment>
    </actionCalls>
    <apiVersion>52.0</apiVersion>
    <assignments>
        <name>Set_Inspection_Id_in_QMS_Reference_Number</name>
        <label>Set Inspection Id in QMS Reference Number</label>
        <locationX>50</locationX>
        <locationY>815</locationY>
        <assignmentItems>
            <assignToReference>Get_NC_Details.CQ_CCC_SQX_Inspection__c</assignToReference>
            <operator>Assign</operator>
            <value>
                <elementReference>Get_Updated_Inspection.Id</elementReference>
            </value>
        </assignmentItems>
        <connector>
            <targetReference>Update_Nonconformance</targetReference>
        </connector>
    </assignments>
    <decisions>
        <name>Check_If_Calculate_Result_Is_Set</name>
        <label>Check If Calculate Result Is Set</label>
        <locationX>710</locationX>
        <locationY>455</locationY>
        <defaultConnectorLabel>Default Outcome</defaultConnectorLabel>
        <rules>
            <name>Calculate_Result_Is_Set</name>
            <conditionLogic>1 AND 2 AND (3 OR 4)</conditionLogic>
            <conditions>
                <leftValueReference>$Record.CQ_CCC_Calculate_Result_Flag__c</leftValueReference>
                <operator>IsChanged</operator>
                <rightValue>
                    <booleanValue>true</booleanValue>
                </rightValue>
            </conditions>
            <conditions>
                <leftValueReference>$Record.CQ_CCC_Calculate_Result_Flag__c</leftValueReference>
                <operator>EqualTo</operator>
                <rightValue>
                    <booleanValue>true</booleanValue>
                </rightValue>
            </conditions>
            <conditions>
                <leftValueReference>$Record.compliancequest__Status__c</leftValueReference>
                <operator>EqualTo</operator>
                <rightValue>
                    <stringValue>Draft</stringValue>
                </rightValue>
            </conditions>
            <conditions>
                <leftValueReference>$Record.compliancequest__Status__c</leftValueReference>
                <operator>EqualTo</operator>
                <rightValue>
                    <stringValue>Open</stringValue>
                </rightValue>
            </conditions>
            <connector>
                <targetReference>Evaluate_Inspection_Detail_Result</targetReference>
            </connector>
            <label>Calculate Result Is Set</label>
        </rules>
    </decisions>
    <decisions>
        <name>Check_If_Inspection_Is_Closed</name>
        <label>Check If Inspection Is Closed</label>
        <locationX>446</locationX>
        <locationY>335</locationY>
        <defaultConnector>
            <targetReference>Check_If_Calculate_Result_Is_Set</targetReference>
        </defaultConnector>
        <defaultConnectorLabel>Not Closed</defaultConnectorLabel>
        <rules>
            <name>Closed</name>
            <conditionLogic>and</conditionLogic>
            <conditions>
                <leftValueReference>$Record.compliancequest__Status__c</leftValueReference>
                <operator>EqualTo</operator>
                <rightValue>
                    <stringValue>Closed</stringValue>
                </rightValue>
            </conditions>
            <conditions>
                <leftValueReference>$Record.compliancequest__Create_NC_If_Inspection_Fails__c</leftValueReference>
                <operator>EqualTo</operator>
                <rightValue>
                    <booleanValue>true</booleanValue>
                </rightValue>
            </conditions>
            <conditions>
                <leftValueReference>$Record.compliancequest__Inspection_Result__c</leftValueReference>
                <operator>EqualTo</operator>
                <rightValue>
                    <stringValue>Fail</stringValue>
                </rightValue>
            </conditions>
            <conditions>
                <leftValueReference>$Record.compliancequest__Status__c</leftValueReference>
                <operator>IsChanged</operator>
                <rightValue>
                    <booleanValue>true</booleanValue>
                </rightValue>
            </conditions>
            <connector>
                <targetReference>Get_Updated_Inspection</targetReference>
            </connector>
            <label>Closed</label>
        </rules>
    </decisions>
    <decisions>
        <name>Check_NC_is_Exists</name>
        <label>Check NC is Exists</label>
        <locationX>182</locationX>
        <locationY>575</locationY>
        <defaultConnectorLabel>Default Outcome</defaultConnectorLabel>
        <rules>
            <name>NC_Exists</name>
            <conditionLogic>and</conditionLogic>
            <conditions>
                <leftValueReference>Get_Updated_Inspection.compliancequest__SQX_NC_Number__c</leftValueReference>
                <operator>IsNull</operator>
                <rightValue>
                    <booleanValue>false</booleanValue>
                </rightValue>
            </conditions>
            <connector>
                <targetReference>Get_NC_Details</targetReference>
            </connector>
            <label>NC Exists</label>
        </rules>
    </decisions>
    <description>1. This record triggered flow set the failed Inspection id in the Nonconformance.
2. Calculates Inspection Detail and Checkpoint Sample results</description>
    <interviewLabel>CQ CCC Inspection After Save RT Flow {!$Flow.CurrentDateTime}</interviewLabel>
    <label>CQ CCC Inspection After Save RT Flow</label>
    <processMetadataValues>
        <name>BuilderType</name>
        <value>
            <stringValue>LightningFlowBuilder</stringValue>
        </value>
    </processMetadataValues>
    <processMetadataValues>
        <name>CanvasMode</name>
        <value>
            <stringValue>AUTO_LAYOUT_CANVAS</stringValue>
        </value>
    </processMetadataValues>
    <processMetadataValues>
        <name>OriginBuilderType</name>
        <value>
            <stringValue>LightningFlowBuilder</stringValue>
        </value>
    </processMetadataValues>
    <processType>AutoLaunchedFlow</processType>
    <recordLookups>
        <name>Get_NC_Details</name>
        <label>Get NC Details</label>
        <locationX>50</locationX>
        <locationY>695</locationY>
        <assignNullValuesIfNoRecordsFound>false</assignNullValuesIfNoRecordsFound>
        <connector>
            <targetReference>Set_Inspection_Id_in_QMS_Reference_Number</targetReference>
        </connector>
        <filterLogic>and</filterLogic>
        <filters>
            <field>Id</field>
            <operator>EqualTo</operator>
            <value>
                <elementReference>Get_Updated_Inspection.compliancequest__SQX_NC_Number__c</elementReference>
            </value>
        </filters>
        <getFirstRecordOnly>true</getFirstRecordOnly>
        <object>compliancequest__SQX_Nonconformance__c</object>
        <storeOutputAutomatically>true</storeOutputAutomatically>
    </recordLookups>
    <recordLookups>
        <name>Get_Updated_Inspection</name>
        <label>Get Updated Inspection</label>
        <locationX>182</locationX>
        <locationY>455</locationY>
        <assignNullValuesIfNoRecordsFound>false</assignNullValuesIfNoRecordsFound>
        <connector>
            <targetReference>Check_NC_is_Exists</targetReference>
        </connector>
        <filterLogic>and</filterLogic>
        <filters>
            <field>Id</field>
            <operator>EqualTo</operator>
            <value>
                <elementReference>$Record.Id</elementReference>
            </value>
        </filters>
        <getFirstRecordOnly>true</getFirstRecordOnly>
        <object>compliancequest__SQX_Inspection__c</object>
        <storeOutputAutomatically>true</storeOutputAutomatically>
    </recordLookups>
    <recordUpdates>
        <name>Disable_Calculate_Result_Flag</name>
        <label>Disable Calculate Result Flag</label>
        <locationX>578</locationX>
        <locationY>695</locationY>
        <filterLogic>and</filterLogic>
        <filters>
            <field>CQ_CCC_Calculate_Result_Flag__c</field>
            <operator>EqualTo</operator>
            <value>
                <booleanValue>true</booleanValue>
            </value>
        </filters>
        <inputAssignments>
            <field>CQ_CCC_Calculate_Result_Flag__c</field>
            <value>
                <booleanValue>false</booleanValue>
            </value>
        </inputAssignments>
        <inputReference>$Record</inputReference>
    </recordUpdates>
    <recordUpdates>
        <name>Update_Nonconformance</name>
        <label>Update Nonconformance</label>
        <locationX>50</locationX>
        <locationY>935</locationY>
        <inputReference>Get_NC_Details</inputReference>
    </recordUpdates>
    <start>
        <locationX>320</locationX>
        <locationY>0</locationY>
        <connector>
            <targetReference>Check_If_Inspection_Is_Closed</targetReference>
        </connector>
        <object>compliancequest__SQX_Inspection__c</object>
        <recordTriggerType>Update</recordTriggerType>
        <triggerType>RecordAfterSave</triggerType>
    </start>
    <status>Active</status>
    <variables>
        <name>inspectionVar</name>
        <dataType>String</dataType>
        <isCollection>false</isCollection>
        <isInput>false</isInput>
        <isOutput>false</isOutput>
    </variables>
</Flow>
