<?xml version="1.0" encoding="UTF-8"?>
<Flow xmlns="http://soap.sforce.com/2006/04/metadata">
    <apiVersion>49.0</apiVersion>
    <assignments>
        <name>Assign_Inspection_ID_to_Receipt</name>
        <label>Assign Inspection ID to Receipt</label>
        <locationX>799</locationX>
        <locationY>514</locationY>
        <assignmentItems>
            <assignToReference>Receipt.compliancequest__SQX_Inspection_Number__c</assignToReference>
            <operator>Assign</operator>
            <value>
                <elementReference>Inspection.Id</elementReference>
            </value>
        </assignmentItems>
        <connector>
            <targetReference>Update_Receipt</targetReference>
        </connector>
    </assignments>
    <assignments>
        <name>Create_Inspection_Record</name>
        <label>Create Inspection Record</label>
        <locationX>192</locationX>
        <locationY>128</locationY>
        <assignmentItems>
            <assignToReference>Inspection.compliancequest__Inspection_Source__c</assignToReference>
            <operator>Assign</operator>
            <value>
                <stringValue>Incoming</stringValue>
            </value>
        </assignmentItems>
        <assignmentItems>
            <assignToReference>Inspection.compliancequest__Inspection_Type__c</assignToReference>
            <operator>Assign</operator>
            <value>
                <stringValue>Product</stringValue>
            </value>
        </assignmentItems>
        <assignmentItems>
            <assignToReference>Inspection.compliancequest__Status__c</assignToReference>
            <operator>Assign</operator>
            <value>
                <elementReference>Inspection_Status</elementReference>
            </value>
        </assignmentItems>
        <assignmentItems>
            <assignToReference>Inspection.compliancequest__Lot_Number__c</assignToReference>
            <operator>Assign</operator>
            <value>
                <elementReference>Receipt.compliancequest__Lot_Number__c</elementReference>
            </value>
        </assignmentItems>
        <assignmentItems>
            <assignToReference>Inspection.compliancequest__Lot_Quantity__c</assignToReference>
            <operator>Assign</operator>
            <value>
                <elementReference>Receipt.compliancequest__Received_Quantity__c</elementReference>
            </value>
        </assignmentItems>
        <assignmentItems>
            <assignToReference>Inspection.compliancequest__Rev__c</assignToReference>
            <operator>Assign</operator>
            <value>
                <elementReference>Receipt.compliancequest__Part_Revision__c</elementReference>
            </value>
        </assignmentItems>
        <assignmentItems>
            <assignToReference>Inspection.compliancequest__Org_Business_Unit__c</assignToReference>
            <operator>Assign</operator>
            <value>
                <elementReference>Receipt.compliancequest__Org_Business_Unit__c</elementReference>
            </value>
        </assignmentItems>
        <assignmentItems>
            <assignToReference>Inspection.compliancequest__Org_Division__c</assignToReference>
            <operator>Assign</operator>
            <value>
                <elementReference>Receipt.compliancequest__Org_Division__c</elementReference>
            </value>
        </assignmentItems>
        <assignmentItems>
            <assignToReference>Inspection.compliancequest__Org_Region__c</assignToReference>
            <operator>Assign</operator>
            <value>
                <elementReference>Receipt.compliancequest__Org_Region__c</elementReference>
            </value>
        </assignmentItems>
        <assignmentItems>
            <assignToReference>Inspection.compliancequest__SQX_Part__c</assignToReference>
            <operator>Assign</operator>
            <value>
                <elementReference>Receipt.compliancequest__SQX_Part_Number__c</elementReference>
            </value>
        </assignmentItems>
        <assignmentItems>
            <assignToReference>Inspection.compliancequest__SQX_Receipt__c</assignToReference>
            <operator>Assign</operator>
            <value>
                <elementReference>Receipt.Id</elementReference>
            </value>
        </assignmentItems>
        <assignmentItems>
            <assignToReference>Inspection.compliancequest__Org_Site__c</assignToReference>
            <operator>Assign</operator>
            <value>
                <elementReference>Receipt.compliancequest__Org_Site__c</elementReference>
            </value>
        </assignmentItems>
        <assignmentItems>
            <assignToReference>Inspection.compliancequest__Sample_Size__c</assignToReference>
            <operator>Assign</operator>
            <value>
                <elementReference>Receipt.compliancequest__Sample_Size__c</elementReference>
            </value>
        </assignmentItems>
        <assignmentItems>
            <assignToReference>Inspection.compliancequest__SQX_Supplier_Number__c</assignToReference>
            <operator>Assign</operator>
            <value>
                <elementReference>Receipt.compliancequest__SQX_Supplier_Number__c</elementReference>
            </value>
        </assignmentItems>
        <assignmentItems>
            <assignToReference>Inspection.compliancequest__SQX_Process__c</assignToReference>
            <operator>Assign</operator>
            <value>
                <elementReference>Receipt.compliancequest__SQX_Process__c</elementReference>
            </value>
        </assignmentItems>
        <assignmentItems>
            <assignToReference>Inspection.compliancequest__Unit_of_Measure__c</assignToReference>
            <operator>Assign</operator>
            <value>
                <elementReference>Receipt.compliancequest__Unit_of_Measure__c</elementReference>
            </value>
        </assignmentItems>
        <connector>
            <targetReference>Is_Auto_Initiate</targetReference>
        </connector>
    </assignments>
    <assignments>
        <name>Set_Process_Type</name>
        <label>Set Process Type</label>
        <locationX>597</locationX>
        <locationY>415</locationY>
        <assignmentItems>
            <assignToReference>Inspection.compliancequest__Inspection_Type__c</assignToReference>
            <operator>Assign</operator>
            <value>
                <stringValue>Process</stringValue>
            </value>
        </assignmentItems>
        <connector>
            <targetReference>Insert_Inspection_Record</targetReference>
        </connector>
    </assignments>
    <assignments>
        <name>Set_Product_Type</name>
        <label>Set Product Type</label>
        <locationX>590</locationX>
        <locationY>258</locationY>
        <assignmentItems>
            <assignToReference>Inspection.compliancequest__Inspection_Type__c</assignToReference>
            <operator>Assign</operator>
            <value>
                <stringValue>Product</stringValue>
            </value>
        </assignmentItems>
        <connector>
            <targetReference>Insert_Inspection_Record</targetReference>
        </connector>
    </assignments>
    <decisions>
        <name>InspectionState</name>
        <label>InspectionState</label>
        <locationX>5</locationX>
        <locationY>123</locationY>
        <defaultConnector>
            <targetReference>Disable_Needs_Inspection_Flag</targetReference>
        </defaultConnector>
        <defaultConnectorLabel>[Default Outcome]</defaultConnectorLabel>
        <rules>
            <name>Inspect</name>
            <conditionLogic>and</conditionLogic>
            <conditions>
                <leftValueReference>SupplierHealthPlan.CQ_CCC_Inspection_State__c</leftValueReference>
                <operator>EqualTo</operator>
                <rightValue>
                    <elementReference>InspectionState_INSPECT</elementReference>
                </rightValue>
            </conditions>
            <connector>
                <targetReference>Create_Inspection_Record</targetReference>
            </connector>
            <label>Inspect</label>
        </rules>
    </decisions>
    <decisions>
        <name>Is_Auto_Initiate</name>
        <label>Auto Initiate</label>
        <locationX>194</locationX>
        <locationY>232</locationY>
        <defaultConnector>
            <targetReference>CQ_Inspection_Queue</targetReference>
        </defaultConnector>
        <defaultConnectorLabel>No</defaultConnectorLabel>
        <rules>
            <name>Auto_Initiate</name>
            <conditionLogic>and</conditionLogic>
            <conditions>
                <leftValueReference>Receipt.compliancequest__Auto_Initiate__c</leftValueReference>
                <operator>EqualTo</operator>
                <rightValue>
                    <booleanValue>true</booleanValue>
                </rightValue>
            </conditions>
            <connector>
                <targetReference>Process_Type</targetReference>
            </connector>
            <label>Yes</label>
        </rules>
    </decisions>
    <decisions>
        <name>Process_Type</name>
        <label>Process Type</label>
        <locationX>392</locationX>
        <locationY>341</locationY>
        <defaultConnector>
            <targetReference>Set_Product_Type</targetReference>
        </defaultConnector>
        <defaultConnectorLabel>No</defaultConnectorLabel>
        <rules>
            <name>Yes</name>
            <conditionLogic>and</conditionLogic>
            <conditions>
                <leftValueReference>Receipt.compliancequest__SQX_Process__c</leftValueReference>
                <operator>IsNull</operator>
                <rightValue>
                    <booleanValue>false</booleanValue>
                </rightValue>
            </conditions>
            <connector>
                <targetReference>Set_Process_Type</targetReference>
            </connector>
            <label>Yes</label>
        </rules>
    </decisions>
    <decisions>
        <name>Skip_Lot_Limit</name>
        <label>Skip Lot Limit</label>
        <locationX>195</locationX>
        <locationY>352</locationY>
        <defaultConnector>
            <targetReference>Increase_Skip_Counter</targetReference>
        </defaultConnector>
        <defaultConnectorLabel>[Default Outcome]</defaultConnectorLabel>
        <rules>
            <name>Limit_Reached</name>
            <conditionLogic>and</conditionLogic>
            <conditions>
                <leftValueReference>SupplierHealthPlan.CQ_CCC_Skipped_Inspection_Counter__c</leftValueReference>
                <operator>EqualTo</operator>
                <rightValue>
                    <elementReference>SkipLimit</elementReference>
                </rightValue>
            </conditions>
            <connector>
                <targetReference>Update_the_Flag_and_Reset_Skip_Counter</targetReference>
            </connector>
            <label>Limit Reached</label>
        </rules>
    </decisions>
    <description>The custom CCC flow. This flow is called by process builder to process the receipts that require inspection. An inspection record is created and the receipt record is updated with the inspection id.</description>
    <formulas>
        <name>increasedSkipCounter</name>
        <dataType>Number</dataType>
        <expression>{!SupplierHealthPlan.CQ_CCC_Skipped_Inspection_Counter__c} +1</expression>
        <scale>2</scale>
    </formulas>
    <formulas>
        <description>Determine whether the status is Open or Draft.</description>
        <name>Inspection_Status</name>
        <dataType>String</dataType>
        <expression>IF({!Receipt.compliancequest__Auto_Initiate__c}, &quot;Open&quot;, &quot;Draft&quot;)</expression>
    </formulas>
    <formulas>
        <name>SkipLimit</name>
        <dataType>Number</dataType>
        <expression>{!InspectionSwitchingRule.CQ_CCC_No_of_Accepted_Lots__c}-1</expression>
        <scale>2</scale>
    </formulas>
    <interviewLabel>CQ Custom CCC Receipt - Process Receipts Records For Inspection {!$Flow.CurrentDateTime}</interviewLabel>
    <label>CQ Custom CCC Receipt - Process Receipts Records For Inspection</label>
    <processType>AutoLaunchedFlow</processType>
    <recordCreates>
        <name>Insert_Inspection_Record</name>
        <label>Insert Inspection Record</label>
        <locationX>801</locationX>
        <locationY>331</locationY>
        <connector>
            <targetReference>Assign_Inspection_ID_to_Receipt</targetReference>
        </connector>
        <inputReference>Inspection</inputReference>
    </recordCreates>
    <recordLookups>
        <name>CQ_Inspection_Queue</name>
        <label>CQ Inspection Queue</label>
        <locationX>389</locationX>
        <locationY>103</locationY>
        <assignNullValuesIfNoRecordsFound>true</assignNullValuesIfNoRecordsFound>
        <connector>
            <targetReference>Process_Type</targetReference>
        </connector>
        <filterLogic>and</filterLogic>
        <filters>
            <field>Name</field>
            <operator>EqualTo</operator>
            <value>
                <stringValue>CQ Inspection Queue</stringValue>
            </value>
        </filters>
        <filters>
            <field>Type</field>
            <operator>EqualTo</operator>
            <value>
                <stringValue>Queue</stringValue>
            </value>
        </filters>
        <object>Group</object>
        <outputAssignments>
            <assignToReference>Inspection.OwnerId</assignToReference>
            <field>Id</field>
        </outputAssignments>
    </recordLookups>
    <recordLookups>
        <name>GetSupplierHealthPlan</name>
        <label>GetSupplierHealthPlan</label>
        <locationX>7</locationX>
        <locationY>4</locationY>
        <assignNullValuesIfNoRecordsFound>true</assignNullValuesIfNoRecordsFound>
        <connector>
            <targetReference>InspectionState</targetReference>
        </connector>
        <filterLogic>and</filterLogic>
        <filters>
            <field>CQ_CCC_Revision__c</field>
            <operator>EqualTo</operator>
            <value>
                <elementReference>Receipt.compliancequest__Part_Revision__c</elementReference>
            </value>
        </filters>
        <filters>
            <field>CQ_CCC_SQX_Part_Number__c</field>
            <operator>EqualTo</operator>
            <value>
                <elementReference>Receipt.compliancequest__SQX_Part_Number__c</elementReference>
            </value>
        </filters>
        <filters>
            <field>CQ_CCC_SQX_Supplier_Number__c</field>
            <operator>EqualTo</operator>
            <value>
                <elementReference>Receipt.compliancequest__SQX_Supplier_Number__c</elementReference>
            </value>
        </filters>
        <object>CQ_CCC_Supplier_Health_Plan__c</object>
        <outputReference>SupplierHealthPlan</outputReference>
        <queriedFields>CQ_CCC_Inspection_State__c</queriedFields>
        <queriedFields>CQ_CCC_Pass_Inspection_Counter__c</queriedFields>
        <queriedFields>CQ_CCC_Skipped_Inspection_Counter__c</queriedFields>
        <queriedFields>Id</queriedFields>
        <queriedFields>CQ_CCC_Sampling_Plan__c</queriedFields>
    </recordLookups>
    <recordLookups>
        <name>Inspection_Switching_Rules</name>
        <label>Inspection Switching Rules</label>
        <locationX>4</locationX>
        <locationY>352</locationY>
        <assignNullValuesIfNoRecordsFound>false</assignNullValuesIfNoRecordsFound>
        <connector>
            <targetReference>Skip_Lot_Limit</targetReference>
        </connector>
        <filterLogic>and</filterLogic>
        <filters>
            <field>CQ_CCC_SQX_Sampling_Plan__c</field>
            <operator>EqualTo</operator>
            <value>
                <elementReference>SupplierHealthPlan.CQ_CCC_Sampling_Plan__c</elementReference>
            </value>
        </filters>
        <object>CQ_CCC_Inspection_Switching_Rules__c</object>
        <outputAssignments>
            <assignToReference>InspectionSwitchingRule.CQ_CCC_Minimum_No_of_Lots__c</assignToReference>
            <field>CQ_CCC_Minimum_No_of_Lots__c</field>
        </outputAssignments>
        <outputAssignments>
            <assignToReference>InspectionSwitchingRule.CQ_CCC_Next_Step_if_All_Accepted__c</assignToReference>
            <field>CQ_CCC_Next_Step_if_All_Accepted__c</field>
        </outputAssignments>
        <outputAssignments>
            <assignToReference>InspectionSwitchingRule.CQ_CCC_No_of_Accepted_Lots__c</assignToReference>
            <field>CQ_CCC_No_of_Accepted_Lots__c</field>
        </outputAssignments>
        <outputAssignments>
            <assignToReference>InspectionSwitchingRule.CQ_CCC_No_of_Inspections__c</assignToReference>
            <field>CQ_CCC_No_of_Inspections__c</field>
        </outputAssignments>
        <outputAssignments>
            <assignToReference>InspectionSwitchingRule.CQ_CCC_SQX_Sampling_Plan__c</assignToReference>
            <field>CQ_CCC_SQX_Sampling_Plan__c</field>
        </outputAssignments>
    </recordLookups>
    <recordUpdates>
        <name>Disable_Needs_Inspection_Flag</name>
        <label>Disable Needs Inspection Flag</label>
        <locationX>1</locationX>
        <locationY>249</locationY>
        <connector>
            <targetReference>Inspection_Switching_Rules</targetReference>
        </connector>
        <filterLogic>and</filterLogic>
        <filters>
            <field>Id</field>
            <operator>EqualTo</operator>
            <value>
                <elementReference>Receipt.Id</elementReference>
            </value>
        </filters>
        <inputAssignments>
            <field>compliancequest__Needs_Inspection__c</field>
            <value>
                <booleanValue>false</booleanValue>
            </value>
        </inputAssignments>
        <object>compliancequest__SQX_Receipt__c</object>
    </recordUpdates>
    <recordUpdates>
        <name>Increase_Skip_Counter</name>
        <label>Increase Skip Counter</label>
        <locationX>401</locationX>
        <locationY>470</locationY>
        <filterLogic>and</filterLogic>
        <filters>
            <field>Id</field>
            <operator>EqualTo</operator>
            <value>
                <elementReference>SupplierHealthPlan.Id</elementReference>
            </value>
        </filters>
        <inputAssignments>
            <field>CQ_CCC_Skipped_Inspection_Counter__c</field>
            <value>
                <elementReference>increasedSkipCounter</elementReference>
            </value>
        </inputAssignments>
        <object>CQ_CCC_Supplier_Health_Plan__c</object>
    </recordUpdates>
    <recordUpdates>
        <name>Update_Receipt</name>
        <label>Update Receipt</label>
        <locationX>986</locationX>
        <locationY>511</locationY>
        <filterLogic>and</filterLogic>
        <filters>
            <field>Id</field>
            <operator>EqualTo</operator>
            <value>
                <elementReference>Receipt.Id</elementReference>
            </value>
        </filters>
        <inputAssignments>
            <field>compliancequest__Needs_Inspection__c</field>
            <value>
                <booleanValue>true</booleanValue>
            </value>
        </inputAssignments>
        <inputAssignments>
            <field>compliancequest__SQX_Inspection_Number__c</field>
            <value>
                <elementReference>Inspection.Id</elementReference>
            </value>
        </inputAssignments>
        <object>compliancequest__SQX_Receipt__c</object>
    </recordUpdates>
    <recordUpdates>
        <name>Update_the_Flag_and_Reset_Skip_Counter</name>
        <label>Update the Flag and Reset Skip Counter</label>
        <locationX>195</locationX>
        <locationY>474</locationY>
        <filterLogic>and</filterLogic>
        <filters>
            <field>Id</field>
            <operator>EqualTo</operator>
            <value>
                <elementReference>SupplierHealthPlan.Id</elementReference>
            </value>
        </filters>
        <inputAssignments>
            <field>CQ_CCC_Inspection_State__c</field>
            <value>
                <elementReference>InspectionState_INSPECT</elementReference>
            </value>
        </inputAssignments>
        <inputAssignments>
            <field>CQ_CCC_Skipped_Inspection_Counter__c</field>
            <value>
                <numberValue>0.0</numberValue>
            </value>
        </inputAssignments>
        <object>CQ_CCC_Supplier_Health_Plan__c</object>
    </recordUpdates>
    <startElementReference>GetSupplierHealthPlan</startElementReference>
    <status>Active</status>
    <variables>
        <name>Inspection</name>
        <dataType>SObject</dataType>
        <isCollection>false</isCollection>
        <isInput>false</isInput>
        <isOutput>false</isOutput>
        <objectType>compliancequest__SQX_Inspection__c</objectType>
    </variables>
    <variables>
        <description>Inspection state to Inspect</description>
        <name>InspectionState_INSPECT</name>
        <dataType>String</dataType>
        <isCollection>false</isCollection>
        <isInput>false</isInput>
        <isOutput>false</isOutput>
        <value>
            <stringValue>INSPECT</stringValue>
        </value>
    </variables>
    <variables>
        <name>InspectionState_SKIP</name>
        <dataType>String</dataType>
        <isCollection>false</isCollection>
        <isInput>false</isInput>
        <isOutput>false</isOutput>
        <value>
            <stringValue>SKIP</stringValue>
        </value>
    </variables>
    <variables>
        <description>Inspection Switching Rules</description>
        <name>InspectionSwitchingRule</name>
        <dataType>SObject</dataType>
        <isCollection>false</isCollection>
        <isInput>false</isInput>
        <isOutput>false</isOutput>
        <objectType>CQ_CCC_Inspection_Switching_Rules__c</objectType>
    </variables>
    <variables>
        <name>Receipt</name>
        <dataType>SObject</dataType>
        <isCollection>false</isCollection>
        <isInput>true</isInput>
        <isOutput>false</isOutput>
        <objectType>compliancequest__SQX_Receipt__c</objectType>
    </variables>
    <variables>
        <name>SupplierHealthPlan</name>
        <dataType>SObject</dataType>
        <isCollection>false</isCollection>
        <isInput>false</isInput>
        <isOutput>false</isOutput>
        <objectType>CQ_CCC_Supplier_Health_Plan__c</objectType>
    </variables>
</Flow>
