<?xml version="1.0" encoding="UTF-8"?>
<Flow xmlns="http://soap.sforce.com/2006/04/metadata">
    <actionCalls>
        <name>Navigate_To_CQ_CCC_Insp_CertificateOfConformance</name>
        <label>Navigate To CQ_CCC_Insp_CertificateOfConformance</label>
        <locationX>176</locationX>
        <locationY>278</locationY>
        <actionName>c:CQ_CCC_Navigate_To_Conformance_Certificate</actionName>
        <actionType>component</actionType>
        <flowTransactionModel>CurrentTransaction</flowTransactionModel>
        <inputParameters>
            <name>custRef</name>
            <value>
                <elementReference>CQ_CCC_Customer_Ref</elementReference>
            </value>
        </inputParameters>
        <inputParameters>
            <name>footerDate</name>
            <value>
                <elementReference>CQ_CCC_Date</elementReference>
            </value>
        </inputParameters>
        <inputParameters>
            <name>footerName</name>
            <value>
                <elementReference>CQ_CCC_Name</elementReference>
            </value>
        </inputParameters>
        <inputParameters>
            <name>ourRef</name>
            <value>
                <elementReference>CQ_CCC_Our_Ref</elementReference>
            </value>
        </inputParameters>
        <inputParameters>
            <name>redirectURL</name>
            <value>
                <elementReference>recordId</elementReference>
            </value>
        </inputParameters>
        <nameSegment>c:CQ_CCC_Navigate_To_Conformance_Certificate</nameSegment>
        <storeOutputAutomatically>true</storeOutputAutomatically>
        <versionSegment>1</versionSegment>
    </actionCalls>
    <apiVersion>54.0</apiVersion>
    <description>Screen flow to generate Certificate of Conformance for Inspection.
This flow gets input from screen, pass inputs to Aura Component and navigate to CQ_CCC_Insp_CertificateOfConformance visualforce page to generate pdf</description>
    <interviewLabel>CQ CCC Inspection Conformance Certificate Screen Flow {!$Flow.CurrentDateTime}</interviewLabel>
    <label>CQ CCC Inspection Conformance Certificate Screen Flow</label>
    <processMetadataValues>
        <name>BuilderType</name>
        <value>
            <stringValue>LightningFlowBuilder</stringValue>
        </value>
    </processMetadataValues>
    <processMetadataValues>
        <name>CanvasMode</name>
        <value>
            <stringValue>AUTO_LAYOUT_CANVAS</stringValue>
        </value>
    </processMetadataValues>
    <processMetadataValues>
        <name>OriginBuilderType</name>
        <value>
            <stringValue>LightningFlowBuilder</stringValue>
        </value>
    </processMetadataValues>
    <processType>Flow</processType>
    <screens>
        <name>CQ_CCC_Certificate_Of_Conformance</name>
        <label>Certificate of Conformance</label>
        <locationX>176</locationX>
        <locationY>158</locationY>
        <allowBack>false</allowBack>
        <allowFinish>true</allowFinish>
        <allowPause>false</allowPause>
        <connector>
            <targetReference>Navigate_To_CQ_CCC_Insp_CertificateOfConformance</targetReference>
        </connector>
        <fields>
            <name>CQ_CCC_Our_Ref</name>
            <dataType>Number</dataType>
            <fieldText>Our Ref#</fieldText>
            <fieldType>InputField</fieldType>
            <isRequired>true</isRequired>
            <scale>0</scale>
        </fields>
        <fields>
            <name>CQ_CCC_Customer_Ref</name>
            <dataType>Number</dataType>
            <fieldText>Customer Ref #</fieldText>
            <fieldType>InputField</fieldType>
            <isRequired>true</isRequired>
            <scale>0</scale>
        </fields>
        <fields>
            <name>CQ_CCC_Name</name>
            <dataType>String</dataType>
            <fieldText>Name</fieldText>
            <fieldType>InputField</fieldType>
            <isRequired>true</isRequired>
        </fields>
        <fields>
            <name>CQ_CCC_Date</name>
            <dataType>Date</dataType>
            <fieldText>Date</fieldText>
            <fieldType>InputField</fieldType>
            <isRequired>true</isRequired>
        </fields>
        <showFooter>true</showFooter>
        <showHeader>false</showHeader>
    </screens>
    <start>
        <locationX>50</locationX>
        <locationY>0</locationY>
        <connector>
            <targetReference>CQ_CCC_Certificate_Of_Conformance</targetReference>
        </connector>
    </start>
    <status>Active</status>
    <variables>
        <name>recordId</name>
        <dataType>String</dataType>
        <isCollection>false</isCollection>
        <isInput>true</isInput>
        <isOutput>false</isOutput>
    </variables>
</Flow>
