<?xml version="1.0" encoding="UTF-8"?>
<Flow xmlns="http://soap.sforce.com/2006/04/metadata">
    <apiVersion>54.0</apiVersion>
    <assignments>
        <name>Assign_Default_Defective_Quantity</name>
        <label>Assign Default Defective Quantity</label>
        <locationX>578</locationX>
        <locationY>935</locationY>
        <assignmentItems>
            <assignToReference>$Record.compliancequest__Defective_Quantity__c</assignToReference>
            <operator>Assign</operator>
            <value>
                <numberValue>1.0</numberValue>
            </value>
        </assignmentItems>
        <assignmentItems>
            <assignToReference>$Record.CQ_CCC_Defective_Quantity__c</assignToReference>
            <operator>Assign</operator>
            <value>
                <elementReference>Get_Related_NC.CQ_CCC_Defective_Quantity__c</elementReference>
            </value>
        </assignmentItems>
    </assignments>
    <assignments>
        <name>Assign_Default_OOB_Defective_Quantity</name>
        <label>Assign Default OOB Defective Quantity</label>
        <locationX>314</locationX>
        <locationY>935</locationY>
        <assignmentItems>
            <assignToReference>$Record.compliancequest__Defective_Quantity__c</assignToReference>
            <operator>Assign</operator>
            <value>
                <numberValue>1.0</numberValue>
            </value>
        </assignmentItems>
    </assignments>
    <assignments>
        <name>Assign_Defective_Quantity</name>
        <label>Assign Defective Quantity</label>
        <locationX>50</locationX>
        <locationY>827</locationY>
        <assignmentItems>
            <assignToReference>$Record.compliancequest__Defective_Quantity__c</assignToReference>
            <operator>Assign</operator>
            <value>
                <numberValue>1.0</numberValue>
            </value>
        </assignmentItems>
        <assignmentItems>
            <assignToReference>$Record.CQ_CCC_Defective_Quantity__c</assignToReference>
            <operator>Assign</operator>
            <value>
                <elementReference>Get_Related_Inspection_Details.CQ_CCC_Defective_Quantity__c</elementReference>
            </value>
        </assignmentItems>
    </assignments>
    <assignments>
        <name>Assign_Lot_Quantity</name>
        <label>Assign Lot Quantity</label>
        <locationX>248</locationX>
        <locationY>611</locationY>
        <assignmentItems>
            <assignToReference>$Record.CQ_CCC_Lot_Quantity__c</assignToReference>
            <operator>Assign</operator>
            <value>
                <elementReference>Get_Related_NC.compliancequest__Lot_Quantity__c</elementReference>
            </value>
        </assignmentItems>
        <connector>
            <targetReference>If_Inspection_Detail_Has_Defective_Quantity</targetReference>
        </connector>
    </assignments>
    <decisions>
        <name>Check_OOB_Def_Qty_Availablity</name>
        <label>Check OOB Def Qty Availablity</label>
        <locationX>446</locationX>
        <locationY>827</locationY>
        <defaultConnector>
            <targetReference>Assign_Default_Defective_Quantity</targetReference>
        </defaultConnector>
        <defaultConnectorLabel>Default Outcome</defaultConnectorLabel>
        <rules>
            <name>YES</name>
            <conditionLogic>and</conditionLogic>
            <conditions>
                <leftValueReference>$Record.CQ_CCC_Defective_Quantity__c</leftValueReference>
                <operator>IsNull</operator>
                <rightValue>
                    <booleanValue>false</booleanValue>
                </rightValue>
            </conditions>
            <connector>
                <targetReference>Assign_Default_OOB_Defective_Quantity</targetReference>
            </connector>
            <label>YES</label>
        </rules>
    </decisions>
    <decisions>
        <name>If_Inspection_Detail_Has_Defective_Quantity</name>
        <label>If Inspection Detail Has Defective Quantity</label>
        <locationX>248</locationX>
        <locationY>719</locationY>
        <defaultConnector>
            <targetReference>Check_OOB_Def_Qty_Availablity</targetReference>
        </defaultConnector>
        <defaultConnectorLabel>Default Outcome</defaultConnectorLabel>
        <rules>
            <name>Defective_Quantity</name>
            <conditionLogic>and</conditionLogic>
            <conditions>
                <leftValueReference>Get_Related_NC</leftValueReference>
                <operator>IsNull</operator>
                <rightValue>
                    <booleanValue>false</booleanValue>
                </rightValue>
            </conditions>
            <conditions>
                <leftValueReference>Get_Related_Inspection_Details</leftValueReference>
                <operator>IsNull</operator>
                <rightValue>
                    <booleanValue>false</booleanValue>
                </rightValue>
            </conditions>
            <connector>
                <targetReference>Assign_Defective_Quantity</targetReference>
            </connector>
            <label>Defective Quantity</label>
        </rules>
    </decisions>
    <description>1. Assigns the value of defective quantity when the Defect is created from Nonconformance.
2. Assign the default defective quantity if inspection is not available for the Nonconformance.</description>
    <environments>Default</environments>
    <interviewLabel>CQ CCC NC Defect Before Create RT Flow {!$Flow.CurrentDateTime}</interviewLabel>
    <label>CQ CCC NC Defect Before Create RT Flow</label>
    <processMetadataValues>
        <name>BuilderType</name>
        <value>
            <stringValue>LightningFlowBuilder</stringValue>
        </value>
    </processMetadataValues>
    <processMetadataValues>
        <name>CanvasMode</name>
        <value>
            <stringValue>AUTO_LAYOUT_CANVAS</stringValue>
        </value>
    </processMetadataValues>
    <processMetadataValues>
        <name>OriginBuilderType</name>
        <value>
            <stringValue>LightningFlowBuilder</stringValue>
        </value>
    </processMetadataValues>
    <processType>AutoLaunchedFlow</processType>
    <recordLookups>
        <name>Get_Related_Inspection</name>
        <label>Get Related Inspection</label>
        <locationX>248</locationX>
        <locationY>395</locationY>
        <assignNullValuesIfNoRecordsFound>false</assignNullValuesIfNoRecordsFound>
        <connector>
            <targetReference>Get_Related_Inspection_Details</targetReference>
        </connector>
        <filterLogic>and</filterLogic>
        <filters>
            <field>compliancequest__SQX_NC_Number__c</field>
            <operator>EqualTo</operator>
            <value>
                <elementReference>Get_Related_NC.Id</elementReference>
            </value>
        </filters>
        <getFirstRecordOnly>true</getFirstRecordOnly>
        <object>compliancequest__SQX_Inspection__c</object>
        <storeOutputAutomatically>true</storeOutputAutomatically>
    </recordLookups>
    <recordLookups>
        <name>Get_Related_Inspection_Details</name>
        <label>Get Related Inspection Details</label>
        <locationX>248</locationX>
        <locationY>503</locationY>
        <assignNullValuesIfNoRecordsFound>false</assignNullValuesIfNoRecordsFound>
        <connector>
            <targetReference>Assign_Lot_Quantity</targetReference>
        </connector>
        <filterLogic>and</filterLogic>
        <filters>
            <field>Id</field>
            <operator>EqualTo</operator>
            <value>
                <elementReference>$Record.compliancequest__SQX_Inspection_Detail__c</elementReference>
            </value>
        </filters>
        <getFirstRecordOnly>true</getFirstRecordOnly>
        <object>compliancequest__SQX_Inspection_Detail__c</object>
        <storeOutputAutomatically>true</storeOutputAutomatically>
    </recordLookups>
    <recordLookups>
        <name>Get_Related_NC</name>
        <label>Get Related NC</label>
        <locationX>248</locationX>
        <locationY>287</locationY>
        <assignNullValuesIfNoRecordsFound>false</assignNullValuesIfNoRecordsFound>
        <connector>
            <targetReference>Get_Related_Inspection</targetReference>
        </connector>
        <filterLogic>and</filterLogic>
        <filters>
            <field>Id</field>
            <operator>EqualTo</operator>
            <value>
                <elementReference>$Record.compliancequest__SQX_Nonconformance__c</elementReference>
            </value>
        </filters>
        <getFirstRecordOnly>true</getFirstRecordOnly>
        <object>compliancequest__SQX_Nonconformance__c</object>
        <storeOutputAutomatically>true</storeOutputAutomatically>
    </recordLookups>
    <start>
        <locationX>122</locationX>
        <locationY>0</locationY>
        <connector>
            <targetReference>Get_Related_NC</targetReference>
        </connector>
        <object>compliancequest__SQX_NC_Defect__c</object>
        <recordTriggerType>Create</recordTriggerType>
        <triggerType>RecordBeforeSave</triggerType>
    </start>
    <status>Active</status>
</Flow>
