<?xml version="1.0" encoding="UTF-8"?>
<Flow xmlns="http://soap.sforce.com/2006/04/metadata">
    <apiVersion>49.0</apiVersion>
    <assignments>
        <name>Set_sample_size</name>
        <label>Set sample size</label>
        <locationX>404</locationX>
        <locationY>213</locationY>
        <assignmentItems>
            <assignToReference>Inspection.compliancequest__Sample_Size__c</assignToReference>
            <operator>Assign</operator>
            <value>
                <elementReference>SamplePlanDefinition.CQ_CCC_Sample_Size__c</elementReference>
            </value>
        </assignmentItems>
        <connector>
            <targetReference>Update_Inspection</targetReference>
        </connector>
    </assignments>
    <assignments>
        <name>SetSampleSizeEqualToLotQuantity</name>
        <label>SetSampleSizeEqualToLotQuantity</label>
        <locationX>777</locationX>
        <locationY>200</locationY>
        <assignmentItems>
            <assignToReference>Inspection.compliancequest__Sample_Size__c</assignToReference>
            <operator>Assign</operator>
            <value>
                <elementReference>Inspection.compliancequest__Lot_Quantity__c</elementReference>
            </value>
        </assignmentItems>
        <connector>
            <targetReference>Update_Inspection</targetReference>
        </connector>
    </assignments>
    <decisions>
        <name>IsLotQuantityLessThanSampleSize</name>
        <label>IsLotQuantityLessThanSampleSize</label>
        <locationX>587</locationX>
        <locationY>90</locationY>
        <defaultConnector>
            <targetReference>Set_sample_size</targetReference>
        </defaultConnector>
        <defaultConnectorLabel>[Default Outcome]</defaultConnectorLabel>
        <rules>
            <name>LotQuantityLessThanSampleSize</name>
            <conditionLogic>and</conditionLogic>
            <conditions>
                <leftValueReference>Inspection.compliancequest__Lot_Quantity__c</leftValueReference>
                <operator>LessThan</operator>
                <rightValue>
                    <elementReference>SamplePlanDefinition.CQ_CCC_Sample_Size__c</elementReference>
                </rightValue>
            </conditions>
            <connector>
                <targetReference>SetSampleSizeEqualToLotQuantity</targetReference>
            </connector>
            <label>LotQuantityLessThanSampleSize</label>
        </rules>
    </decisions>
    <description>Flow to look up to the Sampling Plan / Sample Size Definition object and get the sample size based on the inspection lot quantity that is received from the supplier</description>
    <interviewLabel>CQ CCC Inspection Sample Size Lookup PB {!$Flow.CurrentDateTime}</interviewLabel>
    <label>CQ CCC Inspection Sample Size Lookup FLOW</label>
    <processType>AutoLaunchedFlow</processType>
    <recordLookups>
        <name>Get_Sample_Plan_Definition</name>
        <label>Get _Sample_Plan_Definition</label>
        <locationX>413</locationX>
        <locationY>92</locationY>
        <assignNullValuesIfNoRecordsFound>true</assignNullValuesIfNoRecordsFound>
        <connector>
            <targetReference>IsLotQuantityLessThanSampleSize</targetReference>
        </connector>
        <filterLogic>and</filterLogic>
        <filters>
            <field>CQ_CCC_Inspection_Lot_Size_From__c</field>
            <operator>LessThanOrEqualTo</operator>
            <value>
                <elementReference>Inspection.compliancequest__Lot_Quantity__c</elementReference>
            </value>
        </filters>
        <filters>
            <field>CQ_CCC_Inspection_Lot_Size_To__c</field>
            <operator>GreaterThan</operator>
            <value>
                <elementReference>Inspection.compliancequest__Lot_Quantity__c</elementReference>
            </value>
        </filters>
        <filters>
            <field>CQ_CCC_SQX_Sampling_Plan_Type__c</field>
            <operator>EqualTo</operator>
            <value>
                <elementReference>Sampling_Plan_Type_Id</elementReference>
            </value>
        </filters>
        <object>CQ_CCC_Sampling_Plan_Definition__c</object>
        <outputAssignments>
            <assignToReference>SamplePlanDefinition.CQ_CCC_Sample_Size__c</assignToReference>
            <field>CQ_CCC_Sample_Size__c</field>
        </outputAssignments>
        <outputAssignments>
            <assignToReference>SamplePlanDefinition.Id</assignToReference>
            <field>Id</field>
        </outputAssignments>
    </recordLookups>
    <recordLookups>
        <name>Get_Supplier_Health_Plan</name>
        <label>Get Supplier Health Plan</label>
        <locationX>192</locationX>
        <locationY>92</locationY>
        <assignNullValuesIfNoRecordsFound>false</assignNullValuesIfNoRecordsFound>
        <connector>
            <targetReference>Get_Sample_Plan_Definition</targetReference>
        </connector>
        <filterLogic>and</filterLogic>
        <filters>
            <field>CQ_CCC_Revision__c</field>
            <operator>EqualTo</operator>
            <value>
                <elementReference>Inspection.compliancequest__Rev__c</elementReference>
            </value>
        </filters>
        <filters>
            <field>CQ_CCC_SQX_Part_Number__c</field>
            <operator>EqualTo</operator>
            <value>
                <elementReference>Inspection.compliancequest__SQX_Part__c</elementReference>
            </value>
        </filters>
        <filters>
            <field>CQ_CCC_SQX_Supplier_Number__c</field>
            <operator>EqualTo</operator>
            <value>
                <elementReference>Inspection.compliancequest__SQX_Supplier_Number__c</elementReference>
            </value>
        </filters>
        <object>CQ_CCC_Supplier_Health_Plan__c</object>
        <outputAssignments>
            <assignToReference>Sampling_Plan_Type_Id</assignToReference>
            <field>CQ_CCC_Sampling_Plan__c</field>
        </outputAssignments>
    </recordLookups>
    <recordUpdates>
        <name>Update_Inspection</name>
        <label>Update Inspection</label>
        <locationX>587</locationX>
        <locationY>332</locationY>
        <inputReference>Inspection</inputReference>
    </recordUpdates>
    <startElementReference>Get_Supplier_Health_Plan</startElementReference>
    <status>Active</status>
    <variables>
        <description>Inspection object created or edited</description>
        <name>Inspection</name>
        <dataType>SObject</dataType>
        <isCollection>false</isCollection>
        <isInput>true</isInput>
        <isOutput>false</isOutput>
        <objectType>compliancequest__SQX_Inspection__c</objectType>
    </variables>
    <variables>
        <name>SamplePlanDefinition</name>
        <dataType>SObject</dataType>
        <isCollection>false</isCollection>
        <isInput>false</isInput>
        <isOutput>false</isOutput>
        <objectType>CQ_CCC_Sampling_Plan_Definition__c</objectType>
    </variables>
    <variables>
        <description>Sample size</description>
        <name>SampleSize</name>
        <dataType>Number</dataType>
        <isCollection>false</isCollection>
        <isInput>false</isInput>
        <isOutput>false</isOutput>
        <scale>2</scale>
    </variables>
    <variables>
        <description>sampling plan type id</description>
        <name>Sampling_Plan_Type_Id</name>
        <dataType>String</dataType>
        <isCollection>false</isCollection>
        <isInput>false</isInput>
        <isOutput>false</isOutput>
    </variables>
    <variables>
        <description>stores supplier health plan type</description>
        <name>Sampling_Plan_Type_Name</name>
        <dataType>String</dataType>
        <isCollection>false</isCollection>
        <isInput>false</isInput>
        <isOutput>false</isOutput>
    </variables>
</Flow>
