<?xml version="1.0" encoding="UTF-8"?>
<Flow xmlns="http://soap.sforce.com/2006/04/metadata">
    <apiVersion>53.0</apiVersion>
    <assignments>
        <description>Set Inspection as default process and Unit of  Measure as Each</description>
        <name>Set_Default_Value_For_Process_And_Unit_Of_Measure</name>
        <label>Set Default Value For Process And Unit Of Measure</label>
        <locationX>723</locationX>
        <locationY>335</locationY>
        <assignmentItems>
            <assignToReference>$Record.compliancequest__Unit_of_Measure__c</assignToReference>
            <operator>Assign</operator>
            <value>
                <elementReference>DefaultUnitOfMeasure</elementReference>
            </value>
        </assignmentItems>
    </assignments>
    <description>Set the defaults for material transaction</description>
    <formulas>
        <description>Default Value for Process Name</description>
        <name>DefaultProcessName</name>
        <dataType>String</dataType>
        <expression>IF({!$Setup.CQ_CCC_Settings__c.CQ_CCC_Default_Process__c} != NULL, 
{!$Setup.CQ_CCC_Settings__c.CQ_CCC_Default_Process__c}, &apos;Inspection&apos;)</expression>
    </formulas>
    <formulas>
        <description>Default Value Of Unit Of Measure</description>
        <name>DefaultUnitOfMeasure</name>
        <dataType>String</dataType>
        <expression>IF({!$Setup.CQ_CCC_Settings__c.CQ_CCC_Default_Unit_Of_Measure__c} != NULL, {!$Setup.CQ_CCC_Settings__c.CQ_CCC_Default_Unit_Of_Measure__c}, &apos;Each&apos;)</expression>
    </formulas>
    <interviewLabel>CQ CCC Material Transaction Before Save RT Flow {!$Flow.CurrentDateTime}</interviewLabel>
    <label>CQ CCC Material Transaction Before Save RT Flow</label>
    <processMetadataValues>
        <name>BuilderType</name>
        <value>
            <stringValue>LightningFlowBuilder</stringValue>
        </value>
    </processMetadataValues>
    <processMetadataValues>
        <name>CanvasMode</name>
        <value>
            <stringValue>FREE_FORM_CANVAS</stringValue>
        </value>
    </processMetadataValues>
    <processMetadataValues>
        <name>OriginBuilderType</name>
        <value>
            <stringValue>LightningFlowBuilder</stringValue>
        </value>
    </processMetadataValues>
    <processType>AutoLaunchedFlow</processType>
    <start>
        <locationX>600</locationX>
        <locationY>48</locationY>
        <connector>
            <targetReference>Set_Default_Value_For_Process_And_Unit_Of_Measure</targetReference>
        </connector>
        <object>compliancequest__SQX_Material_Transaction__c</object>
        <recordTriggerType>Create</recordTriggerType>
        <triggerType>RecordBeforeSave</triggerType>
    </start>
    <status>Active</status>
</Flow>
