<?xml version="1.0" encoding="UTF-8"?>
<Flow xmlns="http://soap.sforce.com/2006/04/metadata">
    <apiVersion>53.0</apiVersion>
    <assignments>
        <name>Set_Auto_Initiate_Value</name>
        <label>Set Auto Initiate Value</label>
        <locationX>192</locationX>
        <locationY>286</locationY>
        <assignmentItems>
            <assignToReference>$Record.compliancequest__Auto_Initiate__c</assignToReference>
            <operator>Assign</operator>
            <value>
                <booleanValue>true</booleanValue>
            </value>
        </assignmentItems>
    </assignments>
    <description>1. Set Auto Initiate as true when Receipt is created.</description>
    <interviewLabel>CQ CCC Receipt Before Save RT Flow {!$Flow.CurrentDateTime}</interviewLabel>
    <label>CQ CCC Receipt Before Save RT Flow</label>
    <processMetadataValues>
        <name>BuilderType</name>
        <value>
            <stringValue>LightningFlowBuilder</stringValue>
        </value>
    </processMetadataValues>
    <processMetadataValues>
        <name>CanvasMode</name>
        <value>
            <stringValue>FREE_FORM_CANVAS</stringValue>
        </value>
    </processMetadataValues>
    <processMetadataValues>
        <name>OriginBuilderType</name>
        <value>
            <stringValue>LightningFlowBuilder</stringValue>
        </value>
    </processMetadataValues>
    <processType>AutoLaunchedFlow</processType>
    <start>
        <locationX>50</locationX>
        <locationY>50</locationY>
        <connector>
            <targetReference>Set_Auto_Initiate_Value</targetReference>
        </connector>
        <object>compliancequest__SQX_Receipt__c</object>
        <recordTriggerType>Create</recordTriggerType>
        <triggerType>RecordBeforeSave</triggerType>
    </start>
    <status>Active</status>
</Flow>
