<?xml version="1.0" encoding="UTF-8"?>
<Flow xmlns="http://soap.sforce.com/2006/04/metadata">
    <actionCalls>
        <processMetadataValues>
            <name>ActionCallType</name>
            <value>
                <stringValue>flow</stringValue>
            </value>
        </processMetadataValues>
        <processMetadataValues>
            <name>flowSelection</name>
            <value>
                <stringValue>CQ CCC Inspection Sample Size Lookup FLOW</stringValue>
            </value>
        </processMetadataValues>
        <name>myRule_1_A1</name>
        <label>Get Sample Size Based on Lot size</label>
        <locationX>100</locationX>
        <locationY>200</locationY>
        <actionName>CQ_CCC_Inspection_Sample_Size_Lookup_Flow</actionName>
        <actionType>flow</actionType>
        <flowTransactionModel>CurrentTransaction</flowTransactionModel>
        <inputParameters>
            <processMetadataValues>
                <name>dataType</name>
                <value>
                    <stringValue>SObject</stringValue>
                </value>
            </processMetadataValues>
            <processMetadataValues>
                <name>isRequired</name>
                <value>
                    <booleanValue>false</booleanValue>
                </value>
            </processMetadataValues>
            <processMetadataValues>
                <name>leftHandSideLabel</name>
                <value>
                    <stringValue>Inspection</stringValue>
                </value>
            </processMetadataValues>
            <processMetadataValues>
                <name>maxOccurs</name>
                <value>
                    <numberValue>1.0</numberValue>
                </value>
            </processMetadataValues>
            <processMetadataValues>
                <name>objectType</name>
                <value>
                    <stringValue>compliancequest__SQX_Inspection__c</stringValue>
                </value>
            </processMetadataValues>
            <processMetadataValues>
                <name>rightHandSideType</name>
                <value>
                    <stringValue>SObject</stringValue>
                </value>
            </processMetadataValues>
            <name>Inspection</name>
            <value>
                <elementReference>myVariable_current</elementReference>
            </value>
        </inputParameters>
        <nameSegment>CQ_CCC_Inspection_Sample_Size_Lookup_Flow</nameSegment>
        <versionSegment>1</versionSegment>
    </actionCalls>
    <apiVersion>49.0</apiVersion>
    <assignments>
        <name>myVariable_waitStartTimeAssignment</name>
        <label>myVariable_waitStartTimeAssignment</label>
        <locationX>0</locationX>
        <locationY>0</locationY>
        <assignmentItems>
            <assignToReference>myVariable_waitStartTimeVariable</assignToReference>
            <operator>Assign</operator>
            <value>
                <elementReference>$Flow.CurrentDateTime</elementReference>
            </value>
        </assignmentItems>
        <connector>
            <targetReference>myDecision</targetReference>
        </connector>
    </assignments>
    <decisions>
        <processMetadataValues>
            <name>index</name>
            <value>
                <numberValue>0.0</numberValue>
            </value>
        </processMetadataValues>
        <name>myDecision</name>
        <label>myDecision</label>
        <locationX>50</locationX>
        <locationY>0</locationY>
        <defaultConnectorLabel>default</defaultConnectorLabel>
        <rules>
            <name>myRule_1</name>
            <conditionLogic>and</conditionLogic>
            <conditions>
                <leftValueReference>formula_myRule_1</leftValueReference>
                <operator>EqualTo</operator>
                <rightValue>
                    <booleanValue>true</booleanValue>
                </rightValue>
            </conditions>
            <connector>
                <targetReference>myRule_1_A1</targetReference>
            </connector>
            <label>Change Triggered</label>
        </rules>
    </decisions>
    <description>PB to look up to the Sampling Plan / Sample Size Definition object and get the sample size based on the inspection lot quantity that is received from the supplier</description>
    <formulas>
        <processMetadataValues>
            <name>originalFormula</name>
            <value>
                <stringValue>OR(ISNEW() , ISCHANGED([compliancequest__SQX_Inspection__c].compliancequest__Lot_Quantity__c),
ISCHANGED([compliancequest__SQX_Inspection__c].compliancequest__SQX_Supplier_Number__c ),
ISCHANGED([compliancequest__SQX_Inspection__c].compliancequest__SQX_Part__c )) </stringValue>
            </value>
        </processMetadataValues>
        <name>formula_myRule_1</name>
        <dataType>Boolean</dataType>
        <expression>OR(ISNEW() , ISCHANGED({!myVariable_current.compliancequest__Lot_Quantity__c}),
ISCHANGED({!myVariable_current.compliancequest__SQX_Supplier_Number__c} ),
ISCHANGED({!myVariable_current.compliancequest__SQX_Part__c} ))</expression>
    </formulas>
    <interviewLabel>CQ_CCC_Inspection_Sample_Size_Lookup_PB-1_InterviewLabel</interviewLabel>
    <label>CQ CCC Inspection Sample Size Lookup PB</label>
    <processMetadataValues>
        <name>ObjectType</name>
        <value>
            <stringValue>compliancequest__SQX_Inspection__c</stringValue>
        </value>
    </processMetadataValues>
    <processMetadataValues>
        <name>ObjectVariable</name>
        <value>
            <elementReference>myVariable_current</elementReference>
        </value>
    </processMetadataValues>
    <processMetadataValues>
        <name>OldObjectVariable</name>
        <value>
            <elementReference>myVariable_old</elementReference>
        </value>
    </processMetadataValues>
    <processMetadataValues>
        <name>TriggerType</name>
        <value>
            <stringValue>onAllChanges</stringValue>
        </value>
    </processMetadataValues>
    <processType>Workflow</processType>
    <startElementReference>myVariable_waitStartTimeAssignment</startElementReference>
    <status>Active</status>
    <variables>
        <name>myVariable_current</name>
        <dataType>SObject</dataType>
        <isCollection>false</isCollection>
        <isInput>true</isInput>
        <isOutput>true</isOutput>
        <objectType>compliancequest__SQX_Inspection__c</objectType>
    </variables>
    <variables>
        <name>myVariable_old</name>
        <dataType>SObject</dataType>
        <isCollection>false</isCollection>
        <isInput>true</isInput>
        <isOutput>false</isOutput>
        <objectType>compliancequest__SQX_Inspection__c</objectType>
    </variables>
    <variables>
        <name>myVariable_waitStartTimeVariable</name>
        <dataType>DateTime</dataType>
        <isCollection>false</isCollection>
        <isInput>false</isInput>
        <isOutput>false</isOutput>
        <value>
            <elementReference>$Flow.CurrentDateTime</elementReference>
        </value>
    </variables>
</Flow>
