<?xml version="1.0" encoding="UTF-8"?>
<Flow xmlns="http://soap.sforce.com/2006/04/metadata">
    <apiVersion>52.0</apiVersion>
    <assignments>
        <description>Set Default Value as Inspection For Process</description>
        <name>Set_Default_Value_For_Process</name>
        <label>Set Default Value For Process</label>
        <locationX>176</locationX>
        <locationY>431</locationY>
        <assignmentItems>
            <assignToReference>$Record.compliancequest__SQX_Process__c</assignToReference>
            <operator>Assign</operator>
            <value>
                <elementReference>Get_Inspection_process.Id</elementReference>
            </value>
        </assignmentItems>
        <assignmentItems>
            <assignToReference>$Record.compliancequest__Unit_of_Measure__c</assignToReference>
            <operator>Assign</operator>
            <value>
                <elementReference>DefaultUnitOfMeasure</elementReference>
            </value>
        </assignmentItems>
    </assignments>
    <description>Set the defaults for inspection</description>
    <formulas>
        <description>Formula for Default Process Name</description>
        <name>DefaultProcessName</name>
        <dataType>String</dataType>
        <expression>IF({!$Setup.CQ_CCC_Settings__c.CQ_CCC_Default_Process__c} != NULL, 
{!$Setup.CQ_CCC_Settings__c.CQ_CCC_Default_Process__c}, &apos;Inspection&apos;)</expression>
    </formulas>
    <formulas>
        <description>Default Value for Unit of Measure</description>
        <name>DefaultUnitOfMeasure</name>
        <dataType>String</dataType>
        <expression>IF({!$Setup.CQ_CCC_Settings__c.CQ_CCC_Default_Unit_Of_Measure__c} != NULL, {!$Setup.CQ_CCC_Settings__c.CQ_CCC_Default_Unit_Of_Measure__c}, &apos;Each&apos;)</expression>
    </formulas>
    <interviewLabel>CQ CCC Inspection Before Save RT Flow {!$Flow.CurrentDateTime}</interviewLabel>
    <label>CQ CCC Inspection Before Save RT Flow</label>
    <processMetadataValues>
        <name>BuilderType</name>
        <value>
            <stringValue>LightningFlowBuilder</stringValue>
        </value>
    </processMetadataValues>
    <processMetadataValues>
        <name>CanvasMode</name>
        <value>
            <stringValue>AUTO_LAYOUT_CANVAS</stringValue>
        </value>
    </processMetadataValues>
    <processMetadataValues>
        <name>OriginBuilderType</name>
        <value>
            <stringValue>LightningFlowBuilder</stringValue>
        </value>
    </processMetadataValues>
    <processType>AutoLaunchedFlow</processType>
    <recordLookups>
        <name>Get_Inspection_process</name>
        <label>Get Inspection process</label>
        <locationX>176</locationX>
        <locationY>311</locationY>
        <assignNullValuesIfNoRecordsFound>false</assignNullValuesIfNoRecordsFound>
        <connector>
            <targetReference>Set_Default_Value_For_Process</targetReference>
        </connector>
        <filterLogic>and</filterLogic>
        <filters>
            <field>Name</field>
            <operator>EqualTo</operator>
            <value>
                <elementReference>DefaultProcessName</elementReference>
            </value>
        </filters>
        <getFirstRecordOnly>true</getFirstRecordOnly>
        <object>compliancequest__SQX_Standard_Service__c</object>
        <queriedFields>Id</queriedFields>
        <storeOutputAutomatically>true</storeOutputAutomatically>
    </recordLookups>
    <start>
        <locationX>50</locationX>
        <locationY>0</locationY>
        <connector>
            <targetReference>Get_Inspection_process</targetReference>
        </connector>
        <object>compliancequest__SQX_Inspection__c</object>
        <recordTriggerType>Create</recordTriggerType>
        <triggerType>RecordBeforeSave</triggerType>
    </start>
    <status>Active</status>
</Flow>
