<?xml version="1.0" encoding="UTF-8"?>
<Flow xmlns="http://soap.sforce.com/2006/04/metadata">
    <apiVersion>54.0</apiVersion>
    <decisions>
        <name>ifSamplingPlanIsEmpty</name>
        <label>ifSamplingPlanIsEmpty</label>
        <locationX>182</locationX>
        <locationY>335</locationY>
        <defaultConnectorLabel>Default Outcome</defaultConnectorLabel>
        <rules>
            <name>No</name>
            <conditionLogic>and</conditionLogic>
            <conditions>
                <leftValueReference>$Record.compliancequest__SQX_Inspection_Criteria__r.CQ_CCC_SQX_Sampling_Plan__c</leftValueReference>
                <operator>IsNull</operator>
                <rightValue>
                    <booleanValue>false</booleanValue>
                </rightValue>
            </conditions>
            <conditions>
                <leftValueReference>$Record.CQ_CCC_SQX_Sampling_Plan_Type__c</leftValueReference>
                <operator>IsNull</operator>
                <rightValue>
                    <booleanValue>true</booleanValue>
                </rightValue>
            </conditions>
            <connector>
                <targetReference>Update_Specification_0</targetReference>
            </connector>
            <label>No</label>
        </rules>
    </decisions>
    <description>This field keeps the default value of sampling plan in case its null.</description>
    <interviewLabel>CQ CCC Specification After Create RT Flow {!$Flow.CurrentDateTime}</interviewLabel>
    <label>CQ CCC Specification After Create RT Flow</label>
    <processMetadataValues>
        <name>BuilderType</name>
        <value>
            <stringValue>LightningFlowBuilder</stringValue>
        </value>
    </processMetadataValues>
    <processMetadataValues>
        <name>CanvasMode</name>
        <value>
            <stringValue>AUTO_LAYOUT_CANVAS</stringValue>
        </value>
    </processMetadataValues>
    <processMetadataValues>
        <name>OriginBuilderType</name>
        <value>
            <stringValue>LightningFlowBuilder</stringValue>
        </value>
    </processMetadataValues>
    <processType>AutoLaunchedFlow</processType>
    <recordUpdates>
        <name>Update_Specification_0</name>
        <label>Update Specification</label>
        <locationX>50</locationX>
        <locationY>455</locationY>
        <inputAssignments>
            <field>CQ_CCC_AQL__c</field>
            <value>
                <elementReference>$Record.compliancequest__SQX_Inspection_Criteria__r.CQ_CCC_SQX_Sampling_Plan__r.CQ_CCC_AQL__c</elementReference>
            </value>
        </inputAssignments>
        <inputAssignments>
            <field>CQ_CCC_SQX_Sampling_Plan_Type__c</field>
            <value>
                <elementReference>$Record.compliancequest__SQX_Inspection_Criteria__r.CQ_CCC_SQX_Sampling_Plan__c</elementReference>
            </value>
        </inputAssignments>
        <inputReference>$Record</inputReference>
    </recordUpdates>
    <start>
        <locationX>56</locationX>
        <locationY>0</locationY>
        <connector>
            <targetReference>ifSamplingPlanIsEmpty</targetReference>
        </connector>
        <object>compliancequest__SQX_Specification__c</object>
        <recordTriggerType>Create</recordTriggerType>
        <triggerType>RecordAfterSave</triggerType>
    </start>
    <status>Active</status>
</Flow>
