<?xml version="1.0" encoding="UTF-8"?>
<Flow xmlns="http://soap.sforce.com/2006/04/metadata">
    <apiVersion>49.0</apiVersion>
    <decisions>
        <name>Inspection_Result</name>
        <label>Inspection Result</label>
        <locationX>356</locationX>
        <locationY>184</locationY>
        <defaultConnector>
            <targetReference>Reset_Pass_Counter</targetReference>
        </defaultConnector>
        <defaultConnectorLabel>[Default Outcome]</defaultConnectorLabel>
        <rules>
            <name>Inspection_PASS</name>
            <conditionLogic>and</conditionLogic>
            <conditions>
                <leftValueReference>Inspection.compliancequest__Inspection_Result__c</leftValueReference>
                <operator>EqualTo</operator>
                <rightValue>
                    <stringValue>Pass</stringValue>
                </rightValue>
            </conditions>
            <connector>
                <targetReference>Pass_Counter_Limit</targetReference>
            </connector>
            <label>Inspection PASS</label>
        </rules>
    </decisions>
    <decisions>
        <name>Pass_Counter_Limit</name>
        <label>Pass Counter Limit</label>
        <locationX>580</locationX>
        <locationY>92</locationY>
        <defaultConnector>
            <targetReference>Increase_Pass_Counter</targetReference>
        </defaultConnector>
        <defaultConnectorLabel>[Default Outcome]</defaultConnectorLabel>
        <rules>
            <name>Pass_Conter_Limit_Reached</name>
            <conditionLogic>and</conditionLogic>
            <conditions>
                <leftValueReference>SupplierHealthPlan.CQ_CCC_Pass_Inspection_Counter__c</leftValueReference>
                <operator>EqualTo</operator>
                <rightValue>
                    <elementReference>PassLimit</elementReference>
                </rightValue>
            </conditions>
            <conditions>
                <leftValueReference>SupplierHealthPlan.CQ_CCC_Skipped_Inspection_Counter__c</leftValueReference>
                <operator>EqualTo</operator>
                <rightValue>
                    <numberValue>0.0</numberValue>
                </rightValue>
            </conditions>
            <connector>
                <targetReference>Update_Pass_Counter</targetReference>
            </connector>
            <label>Pass Counter Limit Reached</label>
        </rules>
    </decisions>
    <description>Custom Flow for CQ CCC Inspection Result Triggered Skip Lot Implementation</description>
    <formulas>
        <description>Decrease the pass limit counter by the minimum inspect factor</description>
        <name>decreasedPassCounter</name>
        <dataType>Number</dataType>
        <expression>{!InspectionSwitchingRule.CQ_CCC_Out_of_No_of_Lots__c}-{!InspectionSwitchingRule.CQ_CCC_No_of_Inspections__c}</expression>
        <scale>2</scale>
    </formulas>
    <formulas>
        <description>Pass counter to be increased by 1</description>
        <name>IncreasedPassCounter</name>
        <dataType>Number</dataType>
        <expression>{!SupplierHealthPlan.CQ_CCC_Pass_Inspection_Counter__c} + 1</expression>
        <scale>2</scale>
    </formulas>
    <formulas>
        <name>PassLimit</name>
        <dataType>Number</dataType>
        <expression>{!InspectionSwitchingRule.CQ_CCC_Minimum_No_of_Lots__c}-1</expression>
        <scale>2</scale>
    </formulas>
    <interviewLabel>CQ CCC Inspection Result Triggered Skip Lot Implementation FLOW {!$Flow.CurrentDateTime}</interviewLabel>
    <label>CQ CCC Inspection Result Triggered Skip Lot Implementation FLOW</label>
    <processType>AutoLaunchedFlow</processType>
    <recordLookups>
        <name>Inspection_Switching_Rule</name>
        <label>Inspection Switching Rule</label>
        <locationX>200</locationX>
        <locationY>182</locationY>
        <assignNullValuesIfNoRecordsFound>true</assignNullValuesIfNoRecordsFound>
        <connector>
            <targetReference>Inspection_Result</targetReference>
        </connector>
        <filterLogic>and</filterLogic>
        <filters>
            <field>CQ_CCC_SQX_Sampling_Plan__c</field>
            <operator>EqualTo</operator>
            <value>
                <elementReference>SupplierHealthPlan.CQ_CCC_Sampling_Plan__c</elementReference>
            </value>
        </filters>
        <object>CQ_CCC_Inspection_Switching_Rules__c</object>
        <outputAssignments>
            <assignToReference>InspectionSwitchingRule.CQ_CCC_Minimum_No_of_Lots__c</assignToReference>
            <field>CQ_CCC_Minimum_No_of_Lots__c</field>
        </outputAssignments>
        <outputAssignments>
            <assignToReference>InspectionSwitchingRule.CQ_CCC_No_of_Accepted_Lots__c</assignToReference>
            <field>CQ_CCC_No_of_Accepted_Lots__c</field>
        </outputAssignments>
        <outputAssignments>
            <assignToReference>InspectionSwitchingRule.CQ_CCC_No_of_Inspections__c</assignToReference>
            <field>CQ_CCC_No_of_Inspections__c</field>
        </outputAssignments>
        <outputAssignments>
            <assignToReference>InspectionSwitchingRule.CQ_CCC_Out_of_No_of_Lots__c</assignToReference>
            <field>CQ_CCC_Out_of_No_of_Lots__c</field>
        </outputAssignments>
    </recordLookups>
    <recordLookups>
        <name>Supplier_Health_Plan</name>
        <label>Supplier Health Plan</label>
        <locationX>197</locationX>
        <locationY>41</locationY>
        <assignNullValuesIfNoRecordsFound>true</assignNullValuesIfNoRecordsFound>
        <connector>
            <targetReference>Inspection_Switching_Rule</targetReference>
        </connector>
        <filterLogic>and</filterLogic>
        <filters>
            <field>CQ_CCC_Revision__c</field>
            <operator>EqualTo</operator>
            <value>
                <elementReference>Inspection.compliancequest__Rev__c</elementReference>
            </value>
        </filters>
        <filters>
            <field>CQ_CCC_SQX_Part_Number__c</field>
            <operator>EqualTo</operator>
            <value>
                <elementReference>Inspection.compliancequest__SQX_Part__c</elementReference>
            </value>
        </filters>
        <filters>
            <field>CQ_CCC_SQX_Supplier_Number__c</field>
            <operator>EqualTo</operator>
            <value>
                <elementReference>Inspection.compliancequest__SQX_Supplier_Number__c</elementReference>
            </value>
        </filters>
        <object>CQ_CCC_Supplier_Health_Plan__c</object>
        <outputAssignments>
            <assignToReference>SupplierHealthPlan.CQ_CCC_Inspection_State__c</assignToReference>
            <field>CQ_CCC_Inspection_State__c</field>
        </outputAssignments>
        <outputAssignments>
            <assignToReference>SupplierHealthPlan.CQ_CCC_Pass_Inspection_Counter__c</assignToReference>
            <field>CQ_CCC_Pass_Inspection_Counter__c</field>
        </outputAssignments>
        <outputAssignments>
            <assignToReference>SupplierHealthPlan.CQ_CCC_Sampling_Plan__c</assignToReference>
            <field>CQ_CCC_Sampling_Plan__c</field>
        </outputAssignments>
        <outputAssignments>
            <assignToReference>SupplierHealthPlan.CQ_CCC_Skipped_Inspection_Counter__c</assignToReference>
            <field>CQ_CCC_Skipped_Inspection_Counter__c</field>
        </outputAssignments>
        <outputAssignments>
            <assignToReference>SupplierHealthPlan.Id</assignToReference>
            <field>Id</field>
        </outputAssignments>
    </recordLookups>
    <recordUpdates>
        <name>Increase_Pass_Counter</name>
        <label>Increase Pass Counter</label>
        <locationX>884</locationX>
        <locationY>181</locationY>
        <filterLogic>and</filterLogic>
        <filters>
            <field>Id</field>
            <operator>EqualTo</operator>
            <value>
                <elementReference>SupplierHealthPlan.Id</elementReference>
            </value>
        </filters>
        <inputAssignments>
            <field>CQ_CCC_Pass_Inspection_Counter__c</field>
            <value>
                <elementReference>IncreasedPassCounter</elementReference>
            </value>
        </inputAssignments>
        <object>CQ_CCC_Supplier_Health_Plan__c</object>
    </recordUpdates>
    <recordUpdates>
        <name>Reset_Pass_Counter</name>
        <label>Reset Pass Counter</label>
        <locationX>591</locationX>
        <locationY>266</locationY>
        <filterLogic>and</filterLogic>
        <filters>
            <field>Id</field>
            <operator>EqualTo</operator>
            <value>
                <elementReference>SupplierHealthPlan.Id</elementReference>
            </value>
        </filters>
        <inputAssignments>
            <field>CQ_CCC_Inspection_State__c</field>
            <value>
                <stringValue>Inspect</stringValue>
            </value>
        </inputAssignments>
        <inputAssignments>
            <field>CQ_CCC_Pass_Inspection_Counter__c</field>
            <value>
                <numberValue>0.0</numberValue>
            </value>
        </inputAssignments>
        <inputAssignments>
            <field>CQ_CCC_Skipped_Inspection_Counter__c</field>
            <value>
                <numberValue>0.0</numberValue>
            </value>
        </inputAssignments>
        <object>CQ_CCC_Supplier_Health_Plan__c</object>
    </recordUpdates>
    <recordUpdates>
        <name>Update_Pass_Counter</name>
        <label>Update Pass Counter</label>
        <locationX>890</locationX>
        <locationY>85</locationY>
        <filterLogic>and</filterLogic>
        <filters>
            <field>Id</field>
            <operator>EqualTo</operator>
            <value>
                <elementReference>SupplierHealthPlan.Id</elementReference>
            </value>
        </filters>
        <inputAssignments>
            <field>CQ_CCC_Inspection_State__c</field>
            <value>
                <stringValue>Skip</stringValue>
            </value>
        </inputAssignments>
        <inputAssignments>
            <field>CQ_CCC_Pass_Inspection_Counter__c</field>
            <value>
                <elementReference>decreasedPassCounter</elementReference>
            </value>
        </inputAssignments>
        <inputAssignments>
            <field>CQ_CCC_Skipped_Inspection_Counter__c</field>
            <value>
                <numberValue>0.0</numberValue>
            </value>
        </inputAssignments>
        <object>CQ_CCC_Supplier_Health_Plan__c</object>
    </recordUpdates>
    <startElementReference>Supplier_Health_Plan</startElementReference>
    <status>Active</status>
    <variables>
        <description>Inspection Result/Detail object that was changed</description>
        <name>ChangedInspectionDetail</name>
        <dataType>SObject</dataType>
        <isCollection>false</isCollection>
        <isInput>true</isInput>
        <isOutput>false</isOutput>
        <objectType>compliancequest__SQX_Inspection_Detail__c</objectType>
    </variables>
    <variables>
        <name>CurrentPassCounter</name>
        <dataType>Number</dataType>
        <isCollection>false</isCollection>
        <isInput>false</isInput>
        <isOutput>false</isOutput>
        <scale>2</scale>
        <value>
            <numberValue>0.0</numberValue>
        </value>
    </variables>
    <variables>
        <name>Inspection</name>
        <dataType>SObject</dataType>
        <isCollection>false</isCollection>
        <isInput>true</isInput>
        <isOutput>false</isOutput>
        <objectType>compliancequest__SQX_Inspection__c</objectType>
    </variables>
    <variables>
        <description>Inspection Switcing rule</description>
        <name>InspectionSwitchingRule</name>
        <dataType>SObject</dataType>
        <isCollection>false</isCollection>
        <isInput>false</isInput>
        <isOutput>false</isOutput>
        <objectType>CQ_CCC_Inspection_Switching_Rules__c</objectType>
    </variables>
    <variables>
        <description>Supplier Health Pla</description>
        <name>SupplierHealthPlan</name>
        <dataType>SObject</dataType>
        <isCollection>false</isCollection>
        <isInput>false</isInput>
        <isOutput>false</isOutput>
        <objectType>CQ_CCC_Supplier_Health_Plan__c</objectType>
    </variables>
</Flow>
