<?xml version="1.0" encoding="UTF-8"?>
<Flow xmlns="http://soap.sforce.com/2006/04/metadata">
    <apiVersion>53.0</apiVersion>
    <assignments>
        <name>Set_Sample_Size</name>
        <label>Set Sample Size</label>
        <locationX>497</locationX>
        <locationY>1012</locationY>
        <assignmentItems>
            <assignToReference>sampleSize</assignToReference>
            <operator>Assign</operator>
            <value>
                <elementReference>$Record.compliancequest__SQX_Inspection__r.compliancequest__Lot_Quantity__c</elementReference>
            </value>
        </assignmentItems>
        <connector>
            <targetReference>updateInspectionDetail</targetReference>
        </connector>
    </assignments>
    <assignments>
        <name>Set_Sample_Size_0</name>
        <label>Set Sample Size</label>
        <locationX>949</locationX>
        <locationY>1056</locationY>
        <assignmentItems>
            <assignToReference>sampleSize</assignToReference>
            <operator>Assign</operator>
            <value>
                <elementReference>Get_Sampling_Plan_Definition_0.CQ_CCC_Sample_Size__c</elementReference>
            </value>
        </assignmentItems>
        <connector>
            <targetReference>updateInspectionDetail</targetReference>
        </connector>
    </assignments>
    <decisions>
        <name>Lot_Quantity_Sample_Size</name>
        <label>Lot Quantity &lt;= Sample Size</label>
        <locationX>761</locationX>
        <locationY>897</locationY>
        <defaultConnector>
            <targetReference>Set_Sample_Size_0</targetReference>
        </defaultConnector>
        <defaultConnectorLabel>No</defaultConnectorLabel>
        <rules>
            <name>Yes_Less</name>
            <conditionLogic>and</conditionLogic>
            <conditions>
                <leftValueReference>$Record.compliancequest__SQX_Inspection__r.compliancequest__Lot_Quantity__c</leftValueReference>
                <operator>LessThanOrEqualTo</operator>
                <rightValue>
                    <elementReference>Get_Sampling_Plan_Definition_0.CQ_CCC_Sample_Size__c</elementReference>
                </rightValue>
            </conditions>
            <connector>
                <targetReference>Set_Sample_Size</targetReference>
            </connector>
            <label>Yes</label>
        </rules>
    </decisions>
    <decisions>
        <name>Sampling_Plan_Definition_Exists</name>
        <label>Sampling Plan Definition Exists</label>
        <locationX>671</locationX>
        <locationY>761</locationY>
        <defaultConnectorLabel>no</defaultConnectorLabel>
        <rules>
            <name>yes</name>
            <conditionLogic>and</conditionLogic>
            <conditions>
                <leftValueReference>Get_Sampling_Plan_Definition_0</leftValueReference>
                <operator>IsNull</operator>
                <rightValue>
                    <booleanValue>false</booleanValue>
                </rightValue>
            </conditions>
            <connector>
                <targetReference>Lot_Quantity_Sample_Size</targetReference>
            </connector>
            <label>yes</label>
        </rules>
    </decisions>
    <description>This flow sets the value of sample size.</description>
    <interviewLabel>CQ CCC Inspection Detail After CreateUpdate RT Flow {!$Flow.CurrentDateTime}</interviewLabel>
    <label>CQ CCC Inspection Detail After CreateUpdate RT Flow</label>
    <processMetadataValues>
        <name>BuilderType</name>
        <value>
            <stringValue>LightningFlowBuilder</stringValue>
        </value>
    </processMetadataValues>
    <processMetadataValues>
        <name>CanvasMode</name>
        <value>
            <stringValue>FREE_FORM_CANVAS</stringValue>
        </value>
    </processMetadataValues>
    <processMetadataValues>
        <name>OriginBuilderType</name>
        <value>
            <stringValue>LightningFlowBuilder</stringValue>
        </value>
    </processMetadataValues>
    <processType>AutoLaunchedFlow</processType>
    <recordLookups>
        <name>Get_Sampling_Plan_Definition_0</name>
        <label>Get Sampling Plan Definition</label>
        <locationX>618</locationX>
        <locationY>565</locationY>
        <assignNullValuesIfNoRecordsFound>false</assignNullValuesIfNoRecordsFound>
        <connector>
            <targetReference>Sampling_Plan_Definition_Exists</targetReference>
        </connector>
        <filterLogic>and</filterLogic>
        <filters>
            <field>CQ_CCC_SQX_Sampling_Plan_Type__c</field>
            <operator>EqualTo</operator>
            <value>
                <elementReference>getSpecification.CQ_CCC_SQX_Sampling_Plan_Type__c</elementReference>
            </value>
        </filters>
        <filters>
            <field>CQ_CCC_Inspection_Lot_Size_To__c</field>
            <operator>GreaterThan</operator>
            <value>
                <elementReference>$Record.compliancequest__SQX_Inspection__r.compliancequest__Lot_Quantity__c</elementReference>
            </value>
        </filters>
        <filters>
            <field>CQ_CCC_Inspection_Lot_Size_From__c</field>
            <operator>LessThanOrEqualTo</operator>
            <value>
                <elementReference>$Record.compliancequest__SQX_Inspection__r.compliancequest__Lot_Quantity__c</elementReference>
            </value>
        </filters>
        <getFirstRecordOnly>true</getFirstRecordOnly>
        <object>CQ_CCC_Sampling_Plan_Definition__c</object>
        <storeOutputAutomatically>true</storeOutputAutomatically>
    </recordLookups>
    <recordLookups>
        <name>getSpecification</name>
        <label>getSpecification</label>
        <locationX>616</locationX>
        <locationY>383</locationY>
        <assignNullValuesIfNoRecordsFound>false</assignNullValuesIfNoRecordsFound>
        <connector>
            <targetReference>Get_Sampling_Plan_Definition_0</targetReference>
        </connector>
        <filterLogic>and</filterLogic>
        <filters>
            <field>Id</field>
            <operator>EqualTo</operator>
            <value>
                <elementReference>$Record.compliancequest__SQX_Specification__c</elementReference>
            </value>
        </filters>
        <getFirstRecordOnly>true</getFirstRecordOnly>
        <object>compliancequest__SQX_Specification__c</object>
        <storeOutputAutomatically>true</storeOutputAutomatically>
    </recordLookups>
    <recordUpdates>
        <name>updateInspectionDetail</name>
        <label>updateInspectionDetail</label>
        <locationX>418</locationX>
        <locationY>1199</locationY>
        <inputAssignments>
            <field>CQ_CCC_Critical_Characteristic__c</field>
            <value>
                <elementReference>getSpecification.compliancequest__Impact__c</elementReference>
            </value>
        </inputAssignments>
        <inputAssignments>
            <field>CQ_CCC_Inspection_Category__c</field>
            <value>
                <elementReference>getSpecification.CQ_CCC_Inspection_Category__c</elementReference>
            </value>
        </inputAssignments>
        <inputAssignments>
            <field>CQ_CCC_Unit_of_Measure__c</field>
            <value>
                <elementReference>getSpecification.CQ_CCC_Unit_of_Measure__c</elementReference>
            </value>
        </inputAssignments>
        <inputAssignments>
            <field>compliancequest__Sample_Size__c</field>
            <value>
                <elementReference>sampleSize</elementReference>
            </value>
        </inputAssignments>
        <inputReference>$Record</inputReference>
    </recordUpdates>
    <start>
        <locationX>490</locationX>
        <locationY>48</locationY>
        <connector>
            <targetReference>getSpecification</targetReference>
        </connector>
        <filterLogic>and</filterLogic>
        <filters>
            <field>compliancequest__SQX_Specification__c</field>
            <operator>IsNull</operator>
            <value>
                <booleanValue>false</booleanValue>
            </value>
        </filters>
        <object>compliancequest__SQX_Inspection_Detail__c</object>
        <recordTriggerType>CreateAndUpdate</recordTriggerType>
        <triggerType>RecordAfterSave</triggerType>
    </start>
    <status>Active</status>
    <variables>
        <name>sampleSize</name>
        <dataType>Number</dataType>
        <isCollection>false</isCollection>
        <isInput>false</isInput>
        <isOutput>false</isOutput>
        <scale>0</scale>
    </variables>
</Flow>
