<?xml version="1.0" encoding="UTF-8"?>
<FieldSet xmlns="http://soap.sforce.com/2006/04/metadata">
    <fullName>CQ_CCC_Inspection_Checkpoint_Detail</fullName>
    <description>page</description>
    <displayedFields>
        <field>compliancequest__Specification__c</field>
        <isFieldManaged>false</isFieldManaged>
        <isRequired>false</isRequired>
    </displayedFields>
    <displayedFields>
        <field>compliancequest__Inspection_Method__c</field>
        <isFieldManaged>false</isFieldManaged>
        <isRequired>false</isRequired>
    </displayedFields>
    <displayedFields>
        <field>compliancequest__Sample_Size__c</field>
        <isFieldManaged>false</isFieldManaged>
        <isRequired>false</isRequired>
    </displayedFields>
    <displayedFields>
        <field>compliancequest__Lower_Spec_Limit__c</field>
        <isFieldManaged>false</isFieldManaged>
        <isRequired>false</isRequired>
    </displayedFields>
    <displayedFields>
        <field>compliancequest__Upper_Spec_Limit__c</field>
        <isFieldManaged>false</isFieldManaged>
        <isRequired>false</isRequired>
    </displayedFields>
    <displayedFields>
        <field>compliancequest__Measurement_Standard__c</field>
        <isFieldManaged>false</isFieldManaged>
        <isRequired>false</isRequired>
    </displayedFields>
    <label>CQ_CCC_Inspection_Checkpoint_Detail</label>
</FieldSet>
