<?xml version="1.0" encoding="UTF-8"?>
<FieldSet xmlns="http://soap.sforce.com/2006/04/metadata">
    <fullName>CQ_CCC_Checkpoint_Title</fullName>
    <description>Page</description>
    <displayedFields>
        <field>Name</field>
        <isFieldManaged>false</isFieldManaged>
        <isRequired>false</isRequired>
    </displayedFields>
    <displayedFields>
        <field>compliancequest__Characteristics__c</field>
        <isFieldManaged>false</isFieldManaged>
        <isRequired>false</isRequired>
    </displayedFields>
    <displayedFields>
        <field>compliancequest__Impact__c</field>
        <isFieldManaged>false</isFieldManaged>
        <isRequired>false</isRequired>
    </displayedFields>
    <label>CQ_CCC_Checkpoint_Title</label>
</FieldSet>
