<?xml version="1.0" encoding="UTF-8"?>
<FieldSet xmlns="http://soap.sforce.com/2006/04/metadata">
    <fullName>CQ_CCC_Manual_Checkpoint_Fields</fullName>
    <description>page</description>
    <displayedFields>
        <field>compliancequest__Observed_Value__c</field>
        <isFieldManaged>false</isFieldManaged>
        <isRequired>false</isRequired>
    </displayedFields>
    <displayedFields>
        <field>compliancequest__Result__c</field>
        <isFieldManaged>false</isFieldManaged>
        <isRequired>false</isRequired>
    </displayedFields>
    <label>CQ_CCC_Manual_Checkpoint_Fields</label>
</FieldSet>
