<?xml version="1.0" encoding="UTF-8"?>
<WebLink xmlns="http://soap.sforce.com/2006/04/metadata">
    <fullName>CQ_CCC_Inspection_Result</fullName>
    <availability>online</availability>
    <description>Redirects to the page for filling inspection details.</description>
    <displayType>button</displayType>
    <encodingKey>UTF-8</encodingKey>
    <hasMenubar>false</hasMenubar>
    <hasScrollbars>true</hasScrollbars>
    <hasToolbar>false</hasToolbar>
    <height>600</height>
    <isResizable>true</isResizable>
    <linkType>url</linkType>
    <masterLabel>Inspection Result</masterLabel>
    <openType>newWindow</openType>
    <position>none</position>
    <protected>false</protected>
    <showsLocation>false</showsLocation>
    <showsStatus>false</showsStatus>
    <url>{!URLFOR(&quot;/apex/CQ_CCC_SQX_Inspection_Detail&quot;, null , [id= compliancequest__SQX_Inspection__c.Id ])}</url>
</WebLink>
