<?xml version="1.0" encoding="UTF-8"?>
<CustomField xmlns="http://soap.sforce.com/2006/04/metadata">
    <fullName>CQ_CCC_Default_Unit_Of_Measure__c</fullName>
    <description>This field stores default Unit of Measure for Inspection and Material Transaction records.</description>
    <externalId>false</externalId>
    <inlineHelpText>This field stores default Unit of Measure for Inspection and Material Transaction records.</inlineHelpText>
    <label>CCC Default Unit Of Measure</label>
    <length>255</length>
    <required>false</required>
    <trackTrending>false</trackTrending>
    <type>Text</type>
    <unique>false</unique>
</CustomField>
