<?xml version="1.0" encoding="UTF-8"?>
<CustomField xmlns="http://soap.sforce.com/2006/04/metadata">
    <fullName>CQ_CCC_Iteration_Values_String__c</fullName>
    <description>Custom field to create string of iteration values</description>
    <externalId>false</externalId>
    <formula>Name +&apos;,&apos;+ TEXT(CQ_CCC_Iteration_1__c)+ &apos;,&apos;+TEXT(CQ_CCC_Iteration_2__c)+ &apos;,&apos;+TEXT(CQ_CCC_Iteration_3__c)+ &apos;,&apos;+TEXT(CQ_CCC_Iteration_4__c)+ &apos;,&apos;+TEXT(CQ_CCC_Iteration_5__c)</formula>
    <label>CQ CCC Iteration Values String</label>
    <required>false</required>
    <trackHistory>false</trackHistory>
    <trackTrending>false</trackTrending>
    <type>Text</type>
    <unique>false</unique>
</CustomField>
