<?xml version="1.0" encoding="UTF-8"?>
<CustomField xmlns="http://soap.sforce.com/2006/04/metadata">
    <fullName>CQ_CCC_Attribute_Value__c</fullName>
    <description>Custom Field for CCC created to capture Attribute&apos;s observed value.</description>
    <externalId>false</externalId>
    <label>Attribute Value</label>
    <length>80</length>
    <required>false</required>
    <trackHistory>false</trackHistory>
    <trackTrending>false</trackTrending>
    <type>Text</type>
    <unique>false</unique>
</CustomField>
