<?xml version="1.0" encoding="UTF-8"?>
<CustomField xmlns="http://soap.sforce.com/2006/04/metadata">
    <fullName>CQ_CCC_Iteration_5__c</fullName>
    <description>Custom Field for CCC created to capture Iteration 5 value.</description>
    <externalId>false</externalId>
    <label>Reading #5</label>
    <precision>12</precision>
    <required>false</required>
    <scale>4</scale>
    <trackHistory>false</trackHistory>
    <trackTrending>false</trackTrending>
    <type>Number</type>
    <unique>false</unique>
</CustomField>
