<?xml version="1.0" encoding="UTF-8"?>
<CustomField xmlns="http://soap.sforce.com/2006/04/metadata">
    <fullName>CQ_CCC_SQX_Inspection_Target_Checkpoint__c</fullName>
    <description>Custom mater detail relation for target checkpoint.</description>
    <externalId>false</externalId>
    <label>Inspection Target Checkpoint</label>
    <referenceTo>compliancequest__SQX_Inspection_Detail__c</referenceTo>
    <relationshipName>CQ_CCC_SQX_Checkpoint_Samples</relationshipName>
    <relationshipOrder>0</relationshipOrder>
    <reparentableMasterDetail>false</reparentableMasterDetail>
    <trackHistory>false</trackHistory>
    <trackTrending>false</trackTrending>
    <type>MasterDetail</type>
    <writeRequiresMasterRead>false</writeRequiresMasterRead>
</CustomField>
