<?xml version="1.0" encoding="UTF-8"?>
<CustomField xmlns="http://soap.sforce.com/2006/04/metadata">
    <fullName>CQ_CCC_Manual_Assessment__c</fullName>
    <description>Field to capture the manual assessment result of the sample.</description>
    <externalId>false</externalId>
    <inlineHelpText>Manual Assessment Result entered by the inspector.</inlineHelpText>
    <label>Sample  Result</label>
    <required>false</required>
    <trackHistory>false</trackHistory>
    <trackTrending>false</trackTrending>
    <type>Picklist</type>
    <valueSet>
        <restricted>true</restricted>
        <valueSetDefinition>
            <sorted>false</sorted>
            <value>
                <fullName>Fail</fullName>
                <default>false</default>
                <label>Fail</label>
            </value>
            <value>
                <fullName>Pass</fullName>
                <default>false</default>
                <label>Pass</label>
            </value>
            <value>
                <fullName>Skip</fullName>
                <default>false</default>
                <label>Skip</label>
            </value>
            <value>
                <fullName>1</fullName>
                <default>false</default>
                <isActive>false</isActive>
                <label>1</label>
            </value>
        </valueSetDefinition>
    </valueSet>
</CustomField>
