<?xml version="1.0" encoding="UTF-8"?>
<CustomField xmlns="http://soap.sforce.com/2006/04/metadata">
    <fullName>CQ_CCC_Part_Name__c</fullName>
    <description>Reference to Part Part Name</description>
    <externalId>false</externalId>
    <formula>compliancequest__SQX_Part__r.Name</formula>
    <label>Part Name​</label>
    <required>false</required>
    <trackHistory>false</trackHistory>
    <trackTrending>false</trackTrending>
    <type>Text</type>
    <unique>false</unique>
</CustomField>
