<?xml version="1.0" encoding="UTF-8"?>
<CustomField xmlns="http://soap.sforce.com/2006/04/metadata">
    <fullName>CQ_CCC_Part_Number__c</fullName>
    <description>Reference to Part Part Number.</description>
    <externalId>false</externalId>
    <formula>compliancequest__SQX_Part__r.compliancequest__Part_Number__c</formula>
    <label>Part Number</label>
    <required>false</required>
    <trackHistory>false</trackHistory>
    <trackTrending>false</trackTrending>
    <type>Text</type>
    <unique>false</unique>
</CustomField>
