<?xml version="1.0" encoding="UTF-8"?>
<CustomObject xmlns="http://soap.sforce.com/2006/04/metadata">
    <actionOverrides>
        <actionName>View</actionName>
        <comment>Action override updated by Lightning App Builder during activation.</comment>
        <content>CQUI_CCC_Inspection_Record_Page_Desktop</content>
        <formFactor>Large</formFactor>
        <skipRecordTypeSelect>false</skipRecordTypeSelect>
        <type>Flexipage</type>
    </actionOverrides>
    <actionOverrides>
        <actionName>View</actionName>
        <comment>Action override updated by Lightning App Builder during activation.</comment>
        <content>CQUI_CCC_Inspection_Record_Page_Desktop</content>
        <formFactor>Small</formFactor>
        <skipRecordTypeSelect>false</skipRecordTypeSelect>
        <type>Flexipage</type>
    </actionOverrides>
    <allowInChatterGroups>false</allowInChatterGroups>
    <compactLayoutAssignment>compliancequest__CQ_Compact_Layout</compactLayoutAssignment>
    <deploymentStatus>Deployed</deploymentStatus>
    <deprecated>false</deprecated>
    <description>Records the detail of the part, part family or process to be inspected.</description>
    <enableActivities>true</enableActivities>
    <enableBulkApi>true</enableBulkApi>
    <enableEnhancedLookup>true</enableEnhancedLookup>
    <enableFeeds>true</enableFeeds>
    <enableHistory>true</enableHistory>
    <enableLicensing>false</enableLicensing>
    <enableReports>true</enableReports>
    <enableSearch>true</enableSearch>
    <enableSharing>true</enableSharing>
    <enableStreamingApi>true</enableStreamingApi>
    <externalSharingModel>Private</externalSharingModel>
    <label>Inspection</label>
    <nameField>
        <displayFormat>INS-{0000000000}</displayFormat>
        <label>Inspection Number</label>
        <trackFeedHistory>false</trackFeedHistory>
        <trackHistory>false</trackHistory>
        <type>AutoNumber</type>
    </nameField>
    <pluralLabel>Inspections</pluralLabel>
    <searchLayouts>
        <customTabListAdditionalFields>compliancequest__Inspection_Source__c</customTabListAdditionalFields>
        <customTabListAdditionalFields>compliancequest__Inspection_Type__c</customTabListAdditionalFields>
        <customTabListAdditionalFields>compliancequest__SQX_Part__c</customTabListAdditionalFields>
        <customTabListAdditionalFields>compliancequest__Rev__c</customTabListAdditionalFields>
        <customTabListAdditionalFields>compliancequest__SQX_Process__c</customTabListAdditionalFields>
        <customTabListAdditionalFields>compliancequest__Inspection_Result__c</customTabListAdditionalFields>
        <customTabListAdditionalFields>compliancequest__Status__c</customTabListAdditionalFields>
        <searchResultsAdditionalFields>compliancequest__Inspection_Source__c</searchResultsAdditionalFields>
        <searchResultsAdditionalFields>compliancequest__Inspection_Type__c</searchResultsAdditionalFields>
        <searchResultsAdditionalFields>compliancequest__SQX_Part__c</searchResultsAdditionalFields>
        <searchResultsAdditionalFields>compliancequest__Rev__c</searchResultsAdditionalFields>
        <searchResultsAdditionalFields>compliancequest__SQX_Process__c</searchResultsAdditionalFields>
        <searchResultsAdditionalFields>compliancequest__Inspection_Result__c</searchResultsAdditionalFields>
        <searchResultsAdditionalFields>compliancequest__Status__c</searchResultsAdditionalFields>
    </searchLayouts>
    <sharingModel>Read</sharingModel>
    <startsWith>Vowel</startsWith>
    <visibility>Public</visibility>
</CustomObject>
