<?xml version="1.0" encoding="UTF-8"?>
<ValidationRule xmlns="http://soap.sforce.com/2006/04/metadata">
    <fullName>compliancequest__Ensure_Department_is_entered</fullName>
    <active>false</active>
    <description>This rule ensures that department is entered while creating inspection</description>
    <errorConditionFormula>AND( NOT($Permission.compliancequest__SQXDataMigrationCustomPermission), ISBLANK( compliancequest__SQX_Department__c ))</errorConditionFormula>
    <errorDisplayField>compliancequest__SQX_Department__c</errorDisplayField>
    <errorMessage>Department is required.</errorMessage>
</ValidationRule>
