<?xml version="1.0" encoding="UTF-8"?>
<CustomField xmlns="http://soap.sforce.com/2006/04/metadata">
    <fullName>CQ_CCC_Calculate_Result_Flag__c</fullName>
    <defaultValue>false</defaultValue>
    <description>Flag used to calculate inspection result.</description>
    <externalId>false</externalId>
    <label>Calculate Result Flag</label>
    <trackFeedHistory>false</trackFeedHistory>
    <trackHistory>false</trackHistory>
    <trackTrending>false</trackTrending>
    <type>Checkbox</type>
</CustomField>
