<?xml version="1.0" encoding="UTF-8"?>
<CustomField xmlns="http://soap.sforce.com/2006/04/metadata">
    <fullName>CQ_CCC_Material__c</fullName>
    <description>Custom formula field reference to Packaging Formulation 1 &amp; 2 of Inspection Criteria Document. This field is used to generate Conformance Certificate.</description>
    <externalId>false</externalId>
    <formula>compliancequest__SQX_Inspection_Criteria__r.CQ_CCC_Packing_Formulation_1__c &amp;&quot;, &quot;&amp;  compliancequest__SQX_Inspection_Criteria__r.CQ_CCC_Packing_Formulation_2__c</formula>
    <label>Material</label>
    <required>false</required>
    <trackHistory>false</trackHistory>
    <trackTrending>false</trackTrending>
    <type>Text</type>
    <unique>false</unique>
</CustomField>
