<?xml version="1.0" encoding="UTF-8"?>
<CustomField xmlns="http://soap.sforce.com/2006/04/metadata">
    <fullName>CQ_CCC_Customer_Part_Number__c</fullName>
    <description>Formula field reference to Customer Part Number of Inspection Criteria Document. Used in Conformance Certificate in Inspection.</description>
    <externalId>false</externalId>
    <formula>compliancequest__SQX_Inspection_Criteria__r.CQ_CCC_Customer_Part_Number__c</formula>
    <label>Customer Part Number</label>
    <required>false</required>
    <trackHistory>false</trackHistory>
    <trackTrending>false</trackTrending>
    <type>Text</type>
    <unique>false</unique>
</CustomField>
