<?xml version="1.0" encoding="UTF-8"?>
<PermissionSet xmlns="http://soap.sforce.com/2006/04/metadata">
    <fieldPermissions>
        <editable>true</editable>
        <field>CQ_CCC_SQX_Checkpoint_Sample__c.CQ_CCC_Comment__c</field>
        <readable>true</readable>
    </fieldPermissions>
    <fieldPermissions>
        <editable>true</editable>
        <field>CQ_CCC_SQX_Checkpoint_Sample__c.CQ_CCC_Grade__c</field>
        <readable>true</readable>
    </fieldPermissions>
    <fieldPermissions>
        <editable>true</editable>
        <field>CQ_CCC_SQX_Checkpoint_Sample__c.CQ_CCC_Iteration_1__c</field>
        <readable>true</readable>
    </fieldPermissions>
    <fieldPermissions>
        <editable>true</editable>
        <field>CQ_CCC_SQX_Checkpoint_Sample__c.CQ_CCC_Iteration_2__c</field>
        <readable>true</readable>
    </fieldPermissions>
    <fieldPermissions>
        <editable>true</editable>
        <field>CQ_CCC_SQX_Checkpoint_Sample__c.CQ_CCC_Iteration_3__c</field>
        <readable>true</readable>
    </fieldPermissions>
    <fieldPermissions>
        <editable>true</editable>
        <field>CQ_CCC_SQX_Checkpoint_Sample__c.CQ_CCC_Iteration_4__c</field>
        <readable>true</readable>
    </fieldPermissions>
    <fieldPermissions>
        <editable>true</editable>
        <field>CQ_CCC_SQX_Checkpoint_Sample__c.CQ_CCC_Iteration_5__c</field>
        <readable>true</readable>
    </fieldPermissions>
    <fieldPermissions>
        <editable>true</editable>
        <field>CQ_CCC_SQX_Checkpoint_Sample__c.CQ_CCC_Manual_Assessment__c</field>
        <readable>true</readable>
    </fieldPermissions>
    <fieldPermissions>
        <editable>true</editable>
        <field>CQ_CCC_SQX_Checkpoint_Sample__c.CQ_CCC_Result__c</field>
        <readable>true</readable>
    </fieldPermissions>
    <hasActivationRequired>false</hasActivationRequired>
    <label>CQ CCC Inspection Sampling</label>
    <objectPermissions>
        <allowCreate>true</allowCreate>
        <allowDelete>true</allowDelete>
        <allowEdit>true</allowEdit>
        <allowRead>true</allowRead>
        <modifyAllRecords>false</modifyAllRecords>
        <object>CQ_CCC_SQX_Checkpoint_Sample__c</object>
        <viewAllRecords>false</viewAllRecords>
    </objectPermissions>
    <objectPermissions>
        <allowCreate>false</allowCreate>
        <allowDelete>false</allowDelete>
        <allowEdit>false</allowEdit>
        <allowRead>true</allowRead>
        <modifyAllRecords>false</modifyAllRecords>
        <object>compliancequest__SQX_Inspection_Detail__c</object>
        <viewAllRecords>false</viewAllRecords>
    </objectPermissions>
    <objectPermissions>
        <allowCreate>false</allowCreate>
        <allowDelete>false</allowDelete>
        <allowEdit>false</allowEdit>
        <allowRead>true</allowRead>
        <modifyAllRecords>false</modifyAllRecords>
        <object>compliancequest__SQX_Inspection__c</object>
        <viewAllRecords>false</viewAllRecords>
    </objectPermissions>
    <pageAccesses>
        <apexPage>CQ_CCC_Inspection_Samples_Page</apexPage>
        <enabled>true</enabled>
    </pageAccesses>
</PermissionSet>
