<?xml version="1.0" encoding="UTF-8"?>
<PermissionSet xmlns="http://soap.sforce.com/2006/04/metadata">
    <description>This permission set provides access to custom configuration done in Controlled Document Inspection Record Type and related modules.</description>
    <fieldPermissions>
        <editable>true</editable>
        <field>CQ_CCC_SQX_Component__c.CQ_CCC_Description__c</field>
        <readable>true</readable>
    </fieldPermissions>
    <fieldPermissions>
        <editable>true</editable>
        <field>CQ_CCC_SQX_Component__c.CQ_CCC_Quantity__c</field>
        <readable>true</readable>
    </fieldPermissions>
    <fieldPermissions>
        <editable>true</editable>
        <field>CQ_CCC_SQX_Component__c.CQ_CCC_SQX_Controlled_Document__c</field>
        <readable>true</readable>
    </fieldPermissions>
    <fieldPermissions>
        <editable>false</editable>
        <field>CQ_CCC_SQX_Component__c.CQ_CCC_SQX_Part_Name__c</field>
        <readable>true</readable>
    </fieldPermissions>
    <fieldPermissions>
        <editable>false</editable>
        <field>CQ_CCC_SQX_Component__c.CQ_CCC_SQX_Part_Number__c</field>
        <readable>true</readable>
    </fieldPermissions>
    <fieldPermissions>
        <editable>true</editable>
        <field>CQ_CCC_SQX_Component__c.CQ_CCC_SQX_Part__c</field>
        <readable>true</readable>
    </fieldPermissions>
    <fieldPermissions>
        <editable>false</editable>
        <field>compliancequest__SQX_Association__c.CQ_CCC_Part_Name__c</field>
        <readable>true</readable>
    </fieldPermissions>
    <fieldPermissions>
        <editable>false</editable>
        <field>compliancequest__SQX_Association__c.CQ_CCC_Part_Number__c</field>
        <readable>true</readable>
    </fieldPermissions>
    <fieldPermissions>
        <editable>false</editable>
        <field>compliancequest__SQX_Controlled_Document__c.CQ_CCC_AQL_Formula__c</field>
        <readable>true</readable>
    </fieldPermissions>
    <fieldPermissions>
        <editable>true</editable>
        <field>compliancequest__SQX_Controlled_Document__c.CQ_CCC_AQL__c</field>
        <readable>true</readable>
    </fieldPermissions>
    <fieldPermissions>
        <editable>true</editable>
        <field>compliancequest__SQX_Controlled_Document__c.CQ_CCC_Customer_Part_Number__c</field>
        <readable>true</readable>
    </fieldPermissions>
    <fieldPermissions>
        <editable>true</editable>
        <field>compliancequest__SQX_Controlled_Document__c.CQ_CCC_Manufacturing_Formulation_1__c</field>
        <readable>true</readable>
    </fieldPermissions>
    <fieldPermissions>
        <editable>true</editable>
        <field>compliancequest__SQX_Controlled_Document__c.CQ_CCC_Manufacturing_Formulation_2__c</field>
        <readable>true</readable>
    </fieldPermissions>
    <fieldPermissions>
        <editable>true</editable>
        <field>compliancequest__SQX_Controlled_Document__c.CQ_CCC_Material__c</field>
        <readable>true</readable>
    </fieldPermissions>
    <fieldPermissions>
        <editable>true</editable>
        <field>compliancequest__SQX_Controlled_Document__c.CQ_CCC_National_Standard_Certification__c</field>
        <readable>true</readable>
    </fieldPermissions>
    <fieldPermissions>
        <editable>true</editable>
        <field>compliancequest__SQX_Controlled_Document__c.CQ_CCC_Packaging_Notes__c</field>
        <readable>true</readable>
    </fieldPermissions>
    <fieldPermissions>
        <editable>true</editable>
        <field>compliancequest__SQX_Controlled_Document__c.CQ_CCC_Packing_Formulation_1__c</field>
        <readable>true</readable>
    </fieldPermissions>
    <fieldPermissions>
        <editable>true</editable>
        <field>compliancequest__SQX_Controlled_Document__c.CQ_CCC_Packing_Formulation_2__c</field>
        <readable>true</readable>
    </fieldPermissions>
    <fieldPermissions>
        <editable>true</editable>
        <field>compliancequest__SQX_Controlled_Document__c.CQ_CCC_Primary_Pack_Qty__c</field>
        <readable>true</readable>
    </fieldPermissions>
    <fieldPermissions>
        <editable>true</editable>
        <field>compliancequest__SQX_Controlled_Document__c.CQ_CCC_Primary_Pack_Type__c</field>
        <readable>true</readable>
    </fieldPermissions>
    <fieldPermissions>
        <editable>true</editable>
        <field>compliancequest__SQX_Controlled_Document__c.CQ_CCC_Process_Specification__c</field>
        <readable>true</readable>
    </fieldPermissions>
    <fieldPermissions>
        <editable>true</editable>
        <field>compliancequest__SQX_Controlled_Document__c.CQ_CCC_SQX_Customer__c</field>
        <readable>true</readable>
    </fieldPermissions>
    <fieldPermissions>
        <editable>true</editable>
        <field>compliancequest__SQX_Controlled_Document__c.CQ_CCC_SQX_Drawing_Number_Rev__c</field>
        <readable>true</readable>
    </fieldPermissions>
    <fieldPermissions>
        <editable>true</editable>
        <field>compliancequest__SQX_Controlled_Document__c.CQ_CCC_SQX_Sampling_Plan__c</field>
        <readable>true</readable>
    </fieldPermissions>
    <fieldPermissions>
        <editable>true</editable>
        <field>compliancequest__SQX_Controlled_Document__c.CQ_CCC_SQX_Supplier__c</field>
        <readable>true</readable>
    </fieldPermissions>
    <fieldPermissions>
        <editable>true</editable>
        <field>compliancequest__SQX_Controlled_Document__c.CQ_CCC_Secondary_Pack_Qty__c</field>
        <readable>true</readable>
    </fieldPermissions>
    <fieldPermissions>
        <editable>true</editable>
        <field>compliancequest__SQX_Controlled_Document__c.CQ_CCC_Secondary_Pack_Type__c</field>
        <readable>true</readable>
    </fieldPermissions>
    <fieldPermissions>
        <editable>true</editable>
        <field>compliancequest__SQX_Controlled_Document__c.CQ_CCC_Weight__c</field>
        <readable>true</readable>
    </fieldPermissions>
    <fieldPermissions>
        <editable>true</editable>
        <field>compliancequest__SQX_Specification__c.CQ_CCC_AQL__c</field>
        <readable>true</readable>
    </fieldPermissions>
    <fieldPermissions>
        <editable>true</editable>
        <field>compliancequest__SQX_Specification__c.CQ_CCC_Inspection_Category__c</field>
        <readable>true</readable>
    </fieldPermissions>
    <fieldPermissions>
        <editable>true</editable>
        <field>compliancequest__SQX_Specification__c.CQ_CCC_SQX_Sampling_Plan_Type__c</field>
        <readable>true</readable>
    </fieldPermissions>
    <fieldPermissions>
        <editable>true</editable>
        <field>compliancequest__SQX_Specification__c.CQ_CCC_Unit_of_Measure__c</field>
        <readable>true</readable>
    </fieldPermissions>
    <hasActivationRequired>false</hasActivationRequired>
    <label>CQ CCC Inspection Criteria Permission Set</label>
    <objectPermissions>
        <allowCreate>true</allowCreate>
        <allowDelete>true</allowDelete>
        <allowEdit>true</allowEdit>
        <allowRead>true</allowRead>
        <modifyAllRecords>false</modifyAllRecords>
        <object>CQ_CCC_SQX_Component__c</object>
        <viewAllRecords>true</viewAllRecords>
    </objectPermissions>
</PermissionSet>
