<?xml version="1.0" encoding="UTF-8"?>
<PermissionSet xmlns="http://soap.sforce.com/2006/04/metadata">
    <description>Admin Permission set to manage the sampling plans.</description>
    <fieldPermissions>
        <editable>true</editable>
        <field>CQ_CCC_Inspection_Switching_Rules__c.CQ_CCC_Minimum_No_of_Lots__c</field>
        <readable>true</readable>
    </fieldPermissions>
    <fieldPermissions>
        <editable>true</editable>
        <field>CQ_CCC_Inspection_Switching_Rules__c.CQ_CCC_Next_Step_if_All_Accepted__c</field>
        <readable>true</readable>
    </fieldPermissions>
    <fieldPermissions>
        <editable>true</editable>
        <field>CQ_CCC_Inspection_Switching_Rules__c.CQ_CCC_No_of_Accepted_Lots__c</field>
        <readable>true</readable>
    </fieldPermissions>
    <fieldPermissions>
        <editable>true</editable>
        <field>CQ_CCC_Inspection_Switching_Rules__c.CQ_CCC_No_of_Inspections__c</field>
        <readable>true</readable>
    </fieldPermissions>
    <fieldPermissions>
        <editable>true</editable>
        <field>CQ_CCC_Inspection_Switching_Rules__c.CQ_CCC_Out_of_No_of_Lots__c</field>
        <readable>true</readable>
    </fieldPermissions>
    <fieldPermissions>
        <editable>true</editable>
        <field>CQ_CCC_Inspection_Switching_Rules__c.CQ_CCC_SQX_Sampling_Plan__c</field>
        <readable>true</readable>
    </fieldPermissions>
    <fieldPermissions>
        <editable>true</editable>
        <field>CQ_CCC_Inspection_Switching_Rules__c.CQ_CCC_State__c</field>
        <readable>true</readable>
    </fieldPermissions>
    <fieldPermissions>
        <editable>true</editable>
        <field>CQ_CCC_Inspection_Switching_Rules__c.CQ_CCC_Next_State_if_1_Lot_Rejected__c</field>
        <readable>true</readable>
    </fieldPermissions>
    <fieldPermissions>
        <editable>true</editable>
        <field>CQ_CCC_Sampling_Plan_Definition__c.CQ_CCC_Acceptance_Number__c</field>
        <readable>true</readable>
    </fieldPermissions>
    <fieldPermissions>
        <editable>true</editable>
        <field>CQ_CCC_Sampling_Plan_Definition__c.CQ_CCC_Inspection_Lot_Size_From__c</field>
        <readable>true</readable>
    </fieldPermissions>
    <fieldPermissions>
        <editable>true</editable>
        <field>CQ_CCC_Sampling_Plan_Definition__c.CQ_CCC_Inspection_Lot_Size_To__c</field>
        <readable>true</readable>
    </fieldPermissions>
    <fieldPermissions>
        <editable>true</editable>
        <field>CQ_CCC_Sampling_Plan_Definition__c.CQ_CCC_Rejection_Number__c</field>
        <readable>true</readable>
    </fieldPermissions>
    <fieldPermissions>
        <editable>true</editable>
        <field>CQ_CCC_Sampling_Plan_Definition__c.CQ_CCC_Sample_Size__c</field>
        <readable>true</readable>
    </fieldPermissions>
    <fieldPermissions>
        <editable>true</editable>
        <field>CQ_CCC_Sampling_Plan_type__c.CQ_CCC_AQL__c</field>
        <readable>true</readable>
    </fieldPermissions>
    <fieldPermissions>
        <editable>true</editable>
        <field>CQ_CCC_Supplier_Health_Plan__c.CQ_CCC_Inspection_State__c</field>
        <readable>true</readable>
    </fieldPermissions>
    <fieldPermissions>
        <editable>true</editable>
        <field>CQ_CCC_Supplier_Health_Plan__c.CQ_CCC_Pass_Inspection_Counter__c</field>
        <readable>true</readable>
    </fieldPermissions>
    <fieldPermissions>
        <editable>true</editable>
        <field>CQ_CCC_Supplier_Health_Plan__c.CQ_CCC_Revision__c</field>
        <readable>true</readable>
    </fieldPermissions>
    <fieldPermissions>
        <editable>true</editable>
        <field>CQ_CCC_Supplier_Health_Plan__c.CQ_CCC_SQX_Part_Number__c</field>
        <readable>true</readable>
    </fieldPermissions>
    <fieldPermissions>
        <editable>true</editable>
        <field>CQ_CCC_Supplier_Health_Plan__c.CQ_CCC_SQX_Supplier_Number__c</field>
        <readable>true</readable>
    </fieldPermissions>
    <fieldPermissions>
        <editable>true</editable>
        <field>CQ_CCC_Supplier_Health_Plan__c.CQ_CCC_Sampling_Plan__c</field>
        <readable>true</readable>
    </fieldPermissions>
    <fieldPermissions>
        <editable>true</editable>
        <field>CQ_CCC_Supplier_Health_Plan__c.CQ_CCC_Skipped_Inspection_Counter__c</field>
        <readable>true</readable>
    </fieldPermissions>
    <hasActivationRequired>false</hasActivationRequired>
    <label>CQ CCC Sampling Plan Permission Set</label>
    <objectPermissions>
        <allowCreate>true</allowCreate>
        <allowDelete>true</allowDelete>
        <allowEdit>true</allowEdit>
        <allowRead>true</allowRead>
        <modifyAllRecords>true</modifyAllRecords>
        <object>CQ_CCC_Inspection_Switching_Rules__c</object>
        <viewAllRecords>true</viewAllRecords>
    </objectPermissions>
    <objectPermissions>
        <allowCreate>false</allowCreate>
        <allowDelete>true</allowDelete>
        <allowEdit>true</allowEdit>
        <allowRead>true</allowRead>
        <modifyAllRecords>true</modifyAllRecords>
        <object>CQ_CCC_Sampling_Plan_Definition__c</object>
        <viewAllRecords>true</viewAllRecords>
    </objectPermissions>
    <objectPermissions>
        <allowCreate>false</allowCreate>
        <allowDelete>true</allowDelete>
        <allowEdit>true</allowEdit>
        <allowRead>true</allowRead>
        <modifyAllRecords>true</modifyAllRecords>
        <object>CQ_CCC_Sampling_Plan_type__c</object>
        <viewAllRecords>true</viewAllRecords>
    </objectPermissions>
    <objectPermissions>
        <allowCreate>true</allowCreate>
        <allowDelete>true</allowDelete>
        <allowEdit>true</allowEdit>
        <allowRead>true</allowRead>
        <modifyAllRecords>true</modifyAllRecords>
        <object>CQ_CCC_Supplier_Health_Plan__c</object>
        <viewAllRecords>true</viewAllRecords>
    </objectPermissions>
    <tabSettings>
        <tab>CQ_CCC_Inspection_Switching_Rules__c</tab>
        <visibility>Visible</visibility>
    </tabSettings>
    <tabSettings>
        <tab>CQ_CCC_Sampling_Plan_type__c</tab>
        <visibility>Visible</visibility>
    </tabSettings>
    <tabSettings>
        <tab>CQ_CCC_Supplier_Health_Plan__c</tab>
        <visibility>Visible</visibility>
    </tabSettings>
</PermissionSet>
