<?xml version="1.0" encoding="UTF-8"?>
<PermissionSet xmlns="http://soap.sforce.com/2006/04/metadata">
    <classAccesses>
        <apexClass>CQ_CCC_Checkpoint_Sample</apexClass>
        <enabled>true</enabled>
    </classAccesses>
    <classAccesses>
        <apexClass>CQ_CCC_Controller_Inspection_Certificate</apexClass>
        <enabled>true</enabled>
    </classAccesses>
    <classAccesses>
        <apexClass>CQ_CCC_Inspection_Detail</apexClass>
        <enabled>true</enabled>
    </classAccesses>
    <classAccesses>
        <apexClass>CQ_CCC_Inspection_Result_Batch_Processor</apexClass>
        <enabled>true</enabled>
    </classAccesses>
    <classAccesses>
        <apexClass>CQ_CCC_Inspection_Result_Calculator</apexClass>
        <enabled>true</enabled>
    </classAccesses>
    <classAccesses>
        <apexClass>CQ_CCC_Inspection_Sample_Controller</apexClass>
        <enabled>true</enabled>
    </classAccesses>
    <classAccesses>
        <apexClass>CQ_CCC_Test_Checkpoint_Sample</apexClass>
        <enabled>true</enabled>
    </classAccesses>
    <classAccesses>
        <apexClass>CQ_CCC_Test_Controlled_Doc_CS</apexClass>
        <enabled>true</enabled>
    </classAccesses>
    <classAccesses>
        <apexClass>CQ_CCC_Test_Controlled_Document_CS</apexClass>
        <enabled>true</enabled>
    </classAccesses>
    <classAccesses>
        <apexClass>CQ_CCC_Test_Generic_CS</apexClass>
        <enabled>true</enabled>
    </classAccesses>
    <classAccesses>
        <apexClass>CQ_CCC_Test_Inspection</apexClass>
        <enabled>true</enabled>
    </classAccesses>
    <classAccesses>
        <apexClass>CQ_CCC_Test_Inspection_CS</apexClass>
        <enabled>true</enabled>
    </classAccesses>
    <classAccesses>
        <apexClass>CQ_CCC_Test_Inspection_Certificate</apexClass>
        <enabled>true</enabled>
    </classAccesses>
    <classAccesses>
        <apexClass>CQ_CCC_Test_Inspection_Detail</apexClass>
        <enabled>true</enabled>
    </classAccesses>
    <classAccesses>
        <apexClass>CQ_CCC_Test_Inspection_Result_Processor</apexClass>
        <enabled>true</enabled>
    </classAccesses>
    <classAccesses>
        <apexClass>CQ_CCC_Test_NC_CS</apexClass>
        <enabled>true</enabled>
    </classAccesses>
    <classAccesses>
        <apexClass>CQ_CCC_Test_Sample_Size_Lookup_From_Lot</apexClass>
        <enabled>true</enabled>
    </classAccesses>
    <classAccesses>
        <apexClass>CQ_CCC_Test_Specification</apexClass>
        <enabled>true</enabled>
    </classAccesses>
    <description>This permission set provides access to custom configuration done in Inspection and related modules.</description>
    <fieldPermissions>
        <editable>true</editable>
        <field>compliancequest__SQX_Inspection_Detail__c.CQ_CCC_Characteristics_Short_Text__c</field>
        <readable>true</readable>
    </fieldPermissions>
    <fieldPermissions>
        <editable>true</editable>
        <field>compliancequest__SQX_Inspection_Detail__c.CQ_CCC_Critical_Characteristic__c</field>
        <readable>true</readable>
    </fieldPermissions>
    <fieldPermissions>
        <editable>true</editable>
        <field>compliancequest__SQX_Inspection_Detail__c.CQ_CCC_Defective_Quantity__c</field>
        <readable>true</readable>
    </fieldPermissions>
    <fieldPermissions>
        <editable>false</editable>
        <field>compliancequest__SQX_Inspection_Detail__c.CQ_CCC_Equipment_Name__c</field>
        <readable>true</readable>
    </fieldPermissions>
    <fieldPermissions>
        <editable>true</editable>
        <field>compliancequest__SQX_Inspection_Detail__c.CQ_CCC_Inspection_Category__c</field>
        <readable>true</readable>
    </fieldPermissions>
    <fieldPermissions>
        <editable>false</editable>
        <field>compliancequest__SQX_Inspection_Detail__c.CQ_CCC_Result_Max__c</field>
        <readable>true</readable>
    </fieldPermissions>
    <fieldPermissions>
        <editable>false</editable>
        <field>compliancequest__SQX_Inspection_Detail__c.CQ_CCC_Result_Min__c</field>
        <readable>true</readable>
    </fieldPermissions>
    <fieldPermissions>
        <editable>true</editable>
        <field>compliancequest__SQX_Inspection_Detail__c.CQ_CCC_Result__c</field>
        <readable>true</readable>
    </fieldPermissions>
    <fieldPermissions>
        <editable>true</editable>
        <field>compliancequest__SQX_Inspection_Detail__c.CQ_CCC_Total_Sample_Count__c</field>
        <readable>true</readable>
    </fieldPermissions>
    <fieldPermissions>
        <editable>true</editable>
        <field>compliancequest__SQX_Inspection_Detail__c.CQ_CCC_Unit_of_Measure__c</field>
        <readable>true</readable>
    </fieldPermissions>
    <fieldPermissions>
        <editable>false</editable>
        <field>compliancequest__SQX_Inspection_Detail__c.compliancequest__Inspection_Method__c</field>
        <readable>true</readable>
    </fieldPermissions>
    <fieldPermissions>
        <editable>true</editable>
        <field>compliancequest__SQX_Inspection_Detail__c.compliancequest__Result__c</field>
        <readable>true</readable>
    </fieldPermissions>
    <fieldPermissions>
        <editable>true</editable>
        <field>compliancequest__SQX_Inspection__c.CQ_CCC_Calculate_Result_Flag__c</field>
        <readable>true</readable>
    </fieldPermissions>
    <fieldPermissions>
        <editable>false</editable>
        <field>compliancequest__SQX_Inspection__c.CQ_CCC_Customer_Name__c</field>
        <readable>true</readable>
    </fieldPermissions>
    <fieldPermissions>
        <editable>false</editable>
        <field>compliancequest__SQX_Inspection__c.CQ_CCC_Customer_Part_Number__c</field>
        <readable>true</readable>
    </fieldPermissions>
    <fieldPermissions>
        <editable>false</editable>
        <field>compliancequest__SQX_Inspection__c.CQ_CCC_Material__c</field>
        <readable>true</readable>
    </fieldPermissions>
    <fieldPermissions>
        <editable>true</editable>
        <field>compliancequest__SQX_Inspection__c.CQ_CCC_Supplier_Lot_Number__c</field>
        <readable>true</readable>
    </fieldPermissions>
    <fieldPermissions>
        <editable>true</editable>
        <field>compliancequest__SQX_Material_Transaction__c.CQ_CCC_SQX_Department__c</field>
        <readable>true</readable>
    </fieldPermissions>
    <fieldPermissions>
        <editable>true</editable>
        <field>compliancequest__SQX_NC_Defect__c.CQ_CCC_Defective_Quantity__c</field>
        <readable>true</readable>
    </fieldPermissions>
    <fieldPermissions>
        <editable>true</editable>
        <field>compliancequest__SQX_NC_Defect__c.CQ_CCC_Lot_Quantity__c</field>
        <readable>true</readable>
    </fieldPermissions>
    <fieldPermissions>
        <editable>true</editable>
        <field>compliancequest__SQX_Nonconformance__c.CQ_CCC_Defective_Quantity__c</field>
        <readable>true</readable>
    </fieldPermissions>
    <hasActivationRequired>false</hasActivationRequired>
    <label>CQ CCC Inspection Permission Set</label>
    <objectPermissions>
        <allowCreate>true</allowCreate>
        <allowDelete>false</allowDelete>
        <allowEdit>true</allowEdit>
        <allowRead>true</allowRead>
        <modifyAllRecords>false</modifyAllRecords>
        <object>compliancequest__SQX_Inspection_Detail__c</object>
        <viewAllRecords>true</viewAllRecords>
    </objectPermissions>
    <objectPermissions>
        <allowCreate>false</allowCreate>
        <allowDelete>false</allowDelete>
        <allowEdit>false</allowEdit>
        <allowRead>true</allowRead>
        <modifyAllRecords>false</modifyAllRecords>
        <object>compliancequest__SQX_Inspection__c</object>
        <viewAllRecords>false</viewAllRecords>
    </objectPermissions>
    <pageAccesses>
        <apexPage>CQ_CCC_SQX_Inspection_Detail</apexPage>
        <enabled>true</enabled>
    </pageAccesses>
    <tabSettings>
        <tab>compliancequest__SQX_Material_Transaction__c</tab>
        <visibility>Visible</visibility>
    </tabSettings>
</PermissionSet>
