<?xml version="1.0" encoding="UTF-8"?>
<ListView xmlns="http://soap.sforce.com/2006/04/metadata">
    <fullName>CQ_CCC_Supplier_health_plans</fullName>
    <columns>NAME</columns>
    <columns>CQ_CCC_SQX_Supplier_Number__c</columns>
    <columns>CQ_CCC_SQX_Part_Number__c</columns>
    <columns>CQ_CCC_Revision__c</columns>
    <columns>CQ_CCC_Inspection_State__c</columns>
    <columns>LAST_UPDATE</columns>
    <columns>CQ_CCC_Pass_Inspection_Counter__c</columns>
    <columns>CQ_CCC_Skipped_Inspection_Counter__c</columns>
    <filterScope>Everything</filterScope>
    <label>Supplier health plans</label>
</ListView>
