<?xml version="1.0" encoding="UTF-8"?>
<CustomField xmlns="http://soap.sforce.com/2006/04/metadata">
    <fullName>CQ_CCC_SQX_Part_Number__c</fullName>
    <deleteConstraint>SetNull</deleteConstraint>
    <description>Part number for the health plan</description>
    <externalId>false</externalId>
    <label>Part Number</label>
    <referenceTo>compliancequest__SQX_Part__c</referenceTo>
    <relationshipLabel>Supplier Health Plans</relationshipLabel>
    <relationshipName>CQ_CCC_SQX_Supplier_Health_Plans</relationshipName>
    <required>false</required>
    <trackTrending>false</trackTrending>
    <type>Lookup</type>
</CustomField>
