<?xml version="1.0" encoding="UTF-8"?>
<CustomField xmlns="http://soap.sforce.com/2006/04/metadata">
    <fullName>CQ_CCC_Inspection_State__c</fullName>
    <description>Custom CCC field for Inspection States</description>
    <externalId>false</externalId>
    <label>Inspection State</label>
    <required>false</required>
    <trackTrending>false</trackTrending>
    <type>Picklist</type>
    <valueSet>
        <restricted>true</restricted>
        <valueSetDefinition>
            <sorted>false</sorted>
            <value>
                <fullName>Inspect</fullName>
                <default>false</default>
                <label>Inspect</label>
            </value>
            <value>
                <fullName>Skip</fullName>
                <default>false</default>
                <label>Skip</label>
            </value>
        </valueSetDefinition>
    </valueSet>
</CustomField>
