<?xml version="1.0" encoding="UTF-8"?>
<CustomField xmlns="http://soap.sforce.com/2006/04/metadata">
    <fullName>CQ_CCC_SQX_Supplier_Number__c</fullName>
    <deleteConstraint>SetNull</deleteConstraint>
    <description>Supplier Number looking up to Account</description>
    <externalId>false</externalId>
    <label>Supplier Number</label>
    <referenceTo>Account</referenceTo>
    <relationshipLabel>Supplier Health Plans</relationshipLabel>
    <relationshipName>CQ_CCC_SQX_Supplier_Health_Plans</relationshipName>
    <required>false</required>
    <trackTrending>false</trackTrending>
    <type>Lookup</type>
</CustomField>
