<?xml version="1.0" encoding="UTF-8"?>
<CustomField xmlns="http://soap.sforce.com/2006/04/metadata">
    <fullName>CQ_CCC_Sampling_Plan__c</fullName>
    <deleteConstraint>SetNull</deleteConstraint>
    <description>Custom field for sampling plan type to be used for the supplier health plan.</description>
    <externalId>false</externalId>
    <label>Sampling Plan</label>
    <referenceTo>CQ_CCC_Sampling_Plan_type__c</referenceTo>
    <relationshipLabel>Supplier Health Plans</relationshipLabel>
    <relationshipName>CQ_CCC_SQX_Supplier_Health_Plans</relationshipName>
    <required>false</required>
    <trackTrending>false</trackTrending>
    <type>Lookup</type>
</CustomField>
