<?xml version="1.0" encoding="UTF-8"?>
<CustomField xmlns="http://soap.sforce.com/2006/04/metadata">
    <fullName>CQ_CCC_Skipped_Inspection_Counter__c</fullName>
    <defaultValue>0</defaultValue>
    <description>Field to keep track of skipped inspections number</description>
    <externalId>false</externalId>
    <label>Skipped Inspection Counter</label>
    <precision>18</precision>
    <required>false</required>
    <scale>0</scale>
    <trackTrending>false</trackTrending>
    <type>Number</type>
    <unique>false</unique>
</CustomField>
