<?xml version="1.0" encoding="UTF-8"?>
<CustomField xmlns="http://soap.sforce.com/2006/04/metadata">
    <fullName>CQ_CCC_SQX_Department__c</fullName>
    <deleteConstraint>SetNull</deleteConstraint>
    <externalId>false</externalId>
    <label>Department</label>
    <referenceTo>compliancequest__SQX_Department__c</referenceTo>
    <relationshipLabel>Material Transactions</relationshipLabel>
    <relationshipName>CQ_CCC_SQX_Material_Transactions</relationshipName>
    <required>false</required>
    <trackTrending>false</trackTrending>
    <type>Lookup</type>
</CustomField>
