<?xml version="1.0" encoding="UTF-8"?>
<ValidationRule xmlns="http://soap.sforce.com/2006/04/metadata">
    <fullName>CQ_CCC_Restrict_Edit_For_Complete_Target</fullName>
    <active>true</active>
    <description>Restricts Edit for Samples if Inspection Target is complete.</description>
    <errorConditionFormula>ISPICKVAL (  CQ_CCC_SQX_Inspection_Target_Checkpoint__r.compliancequest__SQX_Inspection__r.compliancequest__Status__c , &apos;Complete&apos; )</errorConditionFormula>
    <errorMessage>Cannot be edited because Inspection Target is complete.</errorMessage>
</ValidationRule>
