<?xml version="1.0" encoding="UTF-8"?>
<QuickAction xmlns="http://soap.sforce.com/2006/04/metadata">
    <description>Quick action to initiate result calculation.</description>
    <fieldOverrides>
        <field>CQ_CCC_Calculate_Result_Flag__c</field>
        <formula>true</formula>
    </fieldOverrides>
    <label>Calculate Result</label>
    <optionsCreateFeedItem>false</optionsCreateFeedItem>
    <quickActionLayout>
        <layoutSectionStyle>TwoColumnsLeftToRight</layoutSectionStyle>
        <quickActionLayoutColumns/>
        <quickActionLayoutColumns/>
    </quickActionLayout>
    <successMessage>The record has been queued for result calculation.</successMessage>
    <type>Update</type>
</QuickAction>
