<?xml version="1.0" encoding="UTF-8"?>
<CustomField xmlns="http://soap.sforce.com/2006/04/metadata">
    <fullName>CQ_CCC_Unit_of_Measure__c</fullName>
    <description>This picklist filed store the Unit of Measure similar to Inspection&apos;s Unit of Measure.</description>
    <externalId>false</externalId>
    <label>Unit of Measure</label>
    <required>false</required>
    <trackTrending>false</trackTrending>
    <type>Picklist</type>
    <valueSet>
        <restricted>true</restricted>
        <valueSetName>compliancequest__SQX_Unit_of_Measure</valueSetName>
    </valueSet>
</CustomField>
