<?xml version="1.0" encoding="UTF-8"?>
<CustomField xmlns="http://soap.sforce.com/2006/04/metadata">
    <fullName>CQ_CCC_Inspection_Category__c</fullName>
    <description>This picklist indicates the Category of Inspection.</description>
    <externalId>false</externalId>
    <label>Inspection Category</label>
    <required>false</required>
    <trackTrending>false</trackTrending>
    <type>Picklist</type>
    <valueSet>
        <restricted>true</restricted>
        <valueSetDefinition>
            <sorted>false</sorted>
            <value>
                <fullName>Visual Inspection</fullName>
                <default>false</default>
                <label>Visual Inspection</label>
            </value>
            <value>
                <fullName>Dimensional Inspection</fullName>
                <default>false</default>
                <label>Dimensional Inspection</label>
            </value>
            <value>
                <fullName>Material Testing</fullName>
                <default>false</default>
                <label>Material Testing</label>
            </value>
        </valueSetDefinition>
    </valueSet>
</CustomField>
