<?xml version="1.0" encoding="UTF-8"?>
<CustomField xmlns="http://soap.sforce.com/2006/04/metadata">
    <fullName>CQ_CCC_SQX_Sampling_Plan_Type__c</fullName>
    <deleteConstraint>SetNull</deleteConstraint>
    <description>This lookup field refer to Sampling Plan Type Object.</description>
    <externalId>false</externalId>
    <label>Sampling Plan</label>
    <referenceTo>CQ_CCC_Sampling_Plan_type__c</referenceTo>
    <relationshipLabel>Specifications</relationshipLabel>
    <relationshipName>CQ_CCC_SQX_Specifications</relationshipName>
    <required>false</required>
    <trackTrending>false</trackTrending>
    <type>Lookup</type>
</CustomField>
